id	filename	md5	size	state
6081bf48-1627-4329-a88d-5b07288f0d76	eb70ccf2-f854-4d99-92a3-f02ba2b3c770.FPKM.txt.gz	890ecb2c90f6852be44dc08b8a4e2789	513726	live
dd0a27b6-7d19-4ff9-a10f-2c1e11d187e1	61c7c0b0-d730-4d67-b1b7-c267124d4e1b.FPKM.txt.gz	271e1835ab3beecee6a976f83c018779	513339	live
456c043e-7437-482b-84bc-b324c67ecb28	d842b357-df64-4896-89c7-aa62999b1933.FPKM.txt.gz	3a53c51d2993d6c3bcc514a0a214ac5e	526832	live
2c96d392-0c43-4fd6-8f90-82ed83164c37	d20be26f-6289-4b94-8724-e63e3f0bca1f.FPKM.txt.gz	7f08e6d70aa1c5d1bab81493ee9e66aa	528371	live
2cef98a3-15fc-4757-8489-f5c4333be478	130e22b9-5b91-437a-88be-aefaced5bb5e.FPKM.txt.gz	480fdab4d036682f2fb92bd1c418b6da	523048	live
7f22857c-37f1-4bfd-92dd-1f4f7fe0382c	92803010-f63c-4b2a-aa02-9914e66dd0c0.FPKM.txt.gz	0ad4dc8de0622e7873dbf797ac3d3806	549330	live
012e5632-e932-4b24-be77-34eac2162e07	92de83d1-ba60-413c-8d21-d066505fe306.FPKM.txt.gz	6169c34f6c1685c6ac5cfd251c9aafb4	523949	live
eaa24812-7836-4c2e-91a2-d4d0db8ad86c	9a7c9e75-314d-49ab-9e31-5cb1fb1ebb38.FPKM.txt.gz	ac894b67b0de21405c6a9f7ba936772c	516068	live
a15b496c-8c52-43fc-8080-9747eed5ee60	fc5bd55f-cdb1-4c96-a91a-513b43e6a99a.FPKM.txt.gz	5a9c6daf5803029d36dccc0a71368d0c	539070	live
2fbb8751-b31d-4e66-903f-39e1ef88f657	7f6e7f9e-1ec3-4109-b4fd-1786aad9942f.FPKM.txt.gz	ba455e0e0df272e24589b854917d00ce	536564	live
e52997e6-a535-42df-a489-d484d824ee6a	bf4b7a95-244c-44c1-b5bb-49bc3b6fba68.FPKM.txt.gz	1cff70192e77dc088182a335c7ca07e8	507033	live
1e53db50-c7fa-4917-b914-1d7ee0e463d0	6134c694-922d-4559-8f55-e03cc58d66dc.FPKM.txt.gz	12525d7d2b37dc23b2cfa07929595c2e	514828	live
7e79f82f-4ef7-4574-8b3f-ada8abf755d2	a0b1fe2b-28f6-4e9d-bc06-67be4b47e523.FPKM.txt.gz	28438a47427a3fe8d67d6cc1c40aaa7c	521003	live
2e0b8417-b468-4bcb-8b4a-22de159fa66c	40365cdf-f04d-4214-a753-e15c64d57b7f.FPKM.txt.gz	d7f1bb8e6ba2f0f6b415e25dd9e81a74	534254	live
101cccd5-a5f3-4b50-b8cb-49c8038dabd6	091dc352-d8e6-484e-989b-4bc571051130.FPKM.txt.gz	0b802b906f9367b6f8f2f056d88b08b4	554911	live
a29e8490-6917-4d8c-8ffe-bf9fae0b4f9f	567d381b-f753-4975-bbc6-c8daa4ff4530.FPKM.txt.gz	d5ee072bf0c1e42e15133dfd106170bc	515545	live
f9d6c289-3f2c-47ab-9156-2209600da21b	fde994b4-f247-4bc9-81f2-dd9d39008c31.FPKM.txt.gz	1ce32228f6ecdd507185836870e176b4	521199	live
fa5bef71-83a6-415d-a2ca-d86f2f138c42	58f96018-2cf5-4e6b-bec0-b8c79da62bce.FPKM.txt.gz	11bdac69f07e1ef3f29aa3549ba4d122	549854	live
448e9f95-ecc7-4b32-aded-a6ffa3122e9d	9cb91836-3ed3-47e9-8f86-eb15937fd537.FPKM.txt.gz	47b4deb6735a5ea82f943c84f19b0dac	469257	live
45bb8ede-421a-492e-888e-7c8b6387acc8	39edcb3c-c9f4-4b00-8b16-17f1909fef15.FPKM.txt.gz	ae397309712c4d8c171d7ac44f66265c	571404	live
3ea57b1c-c5e2-44fb-8d90-85bf5bb5f0d3	149c3888-04c2-4701-9217-746e05c7b346.FPKM.txt.gz	fe834957ef007f2d7044b6b809b409ba	536171	live
40b3172c-3a7b-44d5-a312-b925773064f7	fe3596cb-7fed-41b9-ae30-caebcf717e6e.FPKM.txt.gz	49e3f594dc8544c38245db4f7b67ca96	530128	live
5e8a4ba9-6182-4c6b-92f1-215b3915620b	d73728cb-58d3-4d95-a13a-37baa003609f.FPKM.txt.gz	9bb150589d7930e747b287b0c298e9bb	518326	live
20312e78-4b1a-4f90-ab7f-3b2a03c9baf6	b7567499-0820-49d6-9c72-7148d6628172.FPKM.txt.gz	95c24bae9b2b10db30468e648e8d7c2d	522763	live
03d6f833-1354-4d77-941a-969afa2eae87	10a93ff8-e2cd-4f1d-acb8-ae4ccd5fecdb.FPKM.txt.gz	c5598ca8cda08b62b510b9f54792ac6a	500554	live
b2304a7d-1b61-4eda-8742-5aab68f6b3f7	d99d874c-b050-466d-9475-48d8af5ad972.FPKM.txt.gz	739bea78bff3a9a9e499e48f2b563d92	585836	live
017bc53d-88a5-4b8e-887c-b464a93d980e	bfd8c6e2-15cc-48ae-a4a3-722ab3527fb9.FPKM.txt.gz	fea058f9a9ffb8cc39ebd2df00d22600	513977	live
5b21a1d4-6f9e-47be-bf85-44f4e224ab59	891d5512-0e8d-4dac-9f76-71aeae3937a6.FPKM.txt.gz	d4941b1d92c6ebbd51b8aa5689fbfda4	505567	live
383cf01b-adf3-4005-ac88-0914e599520c	d7e7ad52-ecde-4744-b4e7-28dea4d186da.FPKM.txt.gz	eec2bbfab981346d229080b2801a4cf9	526022	live
2cbb9dfe-644a-466c-8a1c-374dce62e783	cf8cc0b6-be04-4f59-9baa-7270aa0fba53.FPKM.txt.gz	f2b185147c4c34e9155bb0dddcb65441	556223	live
ee30913a-7f87-4ad5-94a2-048ec3ed6923	906d9c60-fdb6-469d-a42e-6bcab0a696f0.FPKM.txt.gz	4bb23bd624f1877466b27878ba21dc5d	514299	live
abf1fc7e-4ae6-4bf8-ab6a-cda045cf5869	543ed507-fee0-40b6-9a99-e59310620d63.FPKM.txt.gz	8029954900a58a15c6ae96b17a6344db	549328	live
08f7ab05-ca1c-4081-8c8d-685b907ba51f	71a24f55-17a7-4396-91fa-e6c7e03df518.FPKM.txt.gz	885554e667075cbdd5f9cd376622a93b	512991	live
ca1efc45-1778-4b27-9eb8-674a28be3ce3	596e3dbd-9928-4800-8026-6d1cfb9f5a57.FPKM.txt.gz	953791541014aef057b449939388f33e	506172	live
3e246fde-fa73-4215-83e7-d18d704aeb7e	bf6ab33e-d822-470a-8c4d-9f7a8781eb90.FPKM.txt.gz	a06c11d789e91f9788664b7316c0d444	515126	live
718435ee-b0ff-4e5c-849d-04370fcde586	1f578919-3fbb-4491-8381-46b097f5339c.FPKM.txt.gz	43cb3fc2e56c7ce0a5bf20cef742c556	527335	live
d3410eca-a9bf-4f8e-873e-8eaa113daea1	3d118af2-5f3e-4b03-90bc-ec9df6792742.FPKM.txt.gz	ad2cc9d5ae0423b65cd8add75893fa9e	567638	live
323ebcc2-dbbc-4a81-bd20-38e14d9206f3	996fa724-fa06-4f69-abd7-910a1a74e276.FPKM.txt.gz	e9b98cbcccb882c238a9f139995464ba	507391	live
1aedd2e7-4594-452c-86b1-1a5b22518ba9	21df2113-117e-429d-bf2f-5812800add68.FPKM.txt.gz	94cea058d83098ef787caa9686145530	550946	live
ba37f7a0-fcac-4e42-8fd5-6e4eadc365de	7939e5e9-8920-4db9-9ab1-a34432830f52.FPKM.txt.gz	c4e74e999a75cbed9aa37a45d911288f	541008	live
9166ffb0-45f6-470b-8fe4-c9f5b0a28367	208e8d62-0277-404e-9246-55d36eb3ec7d.FPKM.txt.gz	4d6197140595c70c08e76d92b4de41a7	524729	live
93e2cfba-7b52-45af-a96e-cf3e33524eca	cdab322b-66c0-4c06-970c-5042afc1a706.FPKM.txt.gz	f87251c4695a66660863b0a37802d78f	501004	live
9b25d30e-8dd5-44c9-9154-ad95b7fbf5cc	1bf6cbe5-03bc-442f-9290-33c3722240bd.FPKM.txt.gz	522a94f2b0412dc4bbe3236059fea078	554881	live
63150b0a-4b30-41c7-a88e-7ed0ce1b2e0a	bf688e5b-c62b-424c-b974-5c8b24e46764.FPKM.txt.gz	9622d5ed68e7f4eb9fdd5bad83189126	543443	live
4a092ce2-1ff8-4da5-9f29-fbf713903562	590ef909-d0a1-4e19-a728-d6a8b34c9837.FPKM.txt.gz	84de87b35716828645ce6e1a7419f552	555927	live
d7e32f92-9cf9-4b09-b946-9915e278baa6	08c5dec2-1521-4c5b-90fc-1d17306a6da0.FPKM.txt.gz	1e94d2383ab3c4d9e0775901b9b0aee8	527362	live
916683dd-10b7-41a2-aba9-e4a016035ddf	1595b26f-d684-4962-b7ee-1f64addc4390.FPKM.txt.gz	161c57b2d51d298b4ac741b3c69647d2	496157	live
af33534b-234e-4268-92eb-c1bbb95a7f28	9e4f3e3a-842f-4ece-b70b-9e5e9bb12af0.FPKM.txt.gz	5b65201533a32a085d930d427bba4536	510750	live
efe4de8a-fba6-476c-8d8f-eec639bcbc21	a348da5e-e399-41da-bf2d-79369769246f.FPKM.txt.gz	a1d220dbceab97585826e0a1c0d3002b	534577	live
5cb295a2-5c9b-4c59-a6c3-dbeecc48d937	6c2a30ae-9435-4d9c-99dd-59d8d77f3920.FPKM.txt.gz	ac75bc441796186bf41c5e4ef8423974	592993	live
0e345952-6f09-4e61-b9a9-e8f809bf21e0	6073b31e-7ce7-423e-a9b2-a85e3e9bc62e.FPKM.txt.gz	ae8848b33b13c64b81dc394453f47c60	533484	live
465e0bc8-c41a-4cda-b5af-1a1d3badcbc4	246d0372-763c-475f-8e19-d39a264a8d08.FPKM.txt.gz	4125c82762b9c6ee0e4ded2b56c49ac6	518582	live
28814780-f2b5-4c96-891b-c12b2388dce9	267640d4-53b0-4a04-9a87-7ac779d35938.FPKM.txt.gz	c68946ffdb50f6d59b6b86eed77ac6e2	522801	live
7a5f10cb-8950-441e-94f3-b1acaff3ce41	59fec480-f2bd-48d6-9c0e-a84ff19f916e.FPKM.txt.gz	8ea7f169cfd2eefc76306bb3cff6c56a	575724	live
2b1fd700-5bf4-4074-9795-57de6269f623	8accded2-8915-4eda-9ee4-c6730c2474de.FPKM.txt.gz	78815db9d09cc55a54aca3f7b8bb2c46	560959	live
424395a2-1c41-477a-adb1-e9dc0f5bef0f	531bdb39-8e5d-4817-b5fa-a60ba31296a0.FPKM.txt.gz	444610d6832c714e85e29eb1ee8a49e2	552313	live
e9236c54-d642-4e4b-b957-869eb4716552	e1c82878-ac01-45bd-83b0-4bc606039670.FPKM.txt.gz	dfd95bbfac2c9a614afc15543481cb70	506202	live
36611bea-0cbb-405e-8740-3d916f498b17	dcc0b93e-257f-48ce-b052-4de18db8d3ff.FPKM.txt.gz	6dd23c8bc12da87cd546f85986de76e4	506139	live
169e8edb-15aa-4a4c-b2ea-107c5516da41	2fc73f79-d413-4797-887a-3c425ef247c4.FPKM.txt.gz	63d1d57e2af6de6fcfdca6c0766c98e0	523193	live
d5668b87-4065-409d-bd8c-d8fa3d3602a1	6ed3d60c-b0d5-4122-a8fb-712c6d2cf80a.FPKM.txt.gz	8fc9b4a1e59c21b3ea118f914fc31f58	547934	live
f1b38f65-fc60-47f2-910c-052934770e00	a094f020-375a-4f15-8f64-7d2272304acd.FPKM.txt.gz	66298f94c122c363b5eb9240c7581257	553094	live
ff04422b-3c9f-40c8-b125-fa178348727f	2087ef7f-0932-4a43-b402-d401de95f0d6.FPKM.txt.gz	8b380cd39e32cb5671b6c149a4da7b6f	499631	live
49750e67-3f8b-459e-b21b-1e33e60581e4	78fd362c-5ca6-4190-bdc2-8c695b2ed304.FPKM.txt.gz	24ab7e358cd3825713986a24f4eea4f6	515097	live
f9c2af24-9bfe-45e9-93fd-dee0fcbfec70	e85334ba-9c09-4725-953d-8b149837ecd9.FPKM.txt.gz	a7bf90a8aa5c8f97f70c65c72b1551c0	514818	live
33e5a7dc-b180-4971-a1df-63c41945a7bb	0cbf5cd6-30b6-4121-9f51-e85229b54fe5.FPKM.txt.gz	507033aaf75cfca96cba03ef781390fd	565329	live
35ee706c-bf50-407f-ae6c-37673bb1254e	4ad49961-f26f-4c78-9ea1-7c13f1a36f2e.FPKM.txt.gz	3dcf0d934d0fcad100e6257d032337fb	520500	live
f1cc9f22-5844-4ae0-abac-0b15ec24bf4b	ae2e66c6-a69c-45c6-8584-82b4da9899e0.FPKM.txt.gz	ac354ff1d2e73ff4d425b0e003e8d41a	527400	live
db65f186-701b-4b84-b8d8-4c087b2acd2d	9f2932d6-bb5c-4ce0-9ea7-281a459fb64a.FPKM.txt.gz	d23e2a200711417bbfddfded76569939	524245	live
81077fc6-f288-48f8-879c-1c223ba2d399	884aa7fa-58c7-4ec1-bb3a-5fd7141dff0a.FPKM.txt.gz	afc9d57868747c49d18ccff0d26bfca8	550378	live
2a3e63ed-72b1-4596-9997-716f0a9dbdf9	b5bfeece-9757-4bfc-8067-1a342175298d.FPKM.txt.gz	d598972f271bfef7b72e5c7684d30e96	510068	live
f9e36d12-1b42-4fbe-b4d4-d59edd873b0a	44c147cc-537b-41f4-bff7-9ccef7d5d7a9.FPKM.txt.gz	5054a300940ca601b6193147d32d5b3d	527734	live
b887b5d0-ea6a-47e5-835b-5615a515b5e9	a6d0f911-5137-4a56-a772-51da9d23f253.FPKM.txt.gz	43bc9493c03810db10af18aa6f6fc795	556562	live
5c85542e-4962-4dcb-971d-791fe3fee805	42fb1a46-4a61-4d2c-a89b-0492e4846d1b.FPKM.txt.gz	39d3a0141ac0a80bdfefe963aae16323	496156	live
3b6839ce-3ddc-4bec-8dc8-c23d265e4b82	58536ca4-2793-4c2c-845c-cfd2bbdd470b.FPKM.txt.gz	3dfed74ccb06703cb832b936229cc3fd	558318	live
8cb52f25-766c-4a5c-9ec3-0f8d767e5ad9	011ee3e1-37bd-47c1-9092-a24dffd3d5f5.FPKM.txt.gz	ea17da40436e03366787ad1d70e40b14	536179	live
f7c5ebdd-4a3b-474b-8c22-00e7fa00833c	6f899334-8741-4d1d-a8e2-3bf17a25c968.FPKM.txt.gz	036b359cc382b8dcd938637f70ae7e35	517710	live
74e3bb9d-433e-4625-859a-8a862060661e	34119118-6feb-4641-9e6c-485981c7984b.FPKM.txt.gz	b8a1314fa8203a2b5793687f6e6bd666	514082	live
dda5cb65-ad64-40dc-84ba-417458fc511f	d3823e63-64df-4a9a-920b-3323d3119db0.FPKM.txt.gz	154616d694fa989f61ae4f6643d34ecf	513572	live
9a5572d0-384e-4b71-84f2-833ae173ef96	2b316653-ead7-4cf4-8b6c-e637d86f054c.FPKM.txt.gz	1389383cb2f3565b09061bebcf226225	514902	live
308544eb-3a4b-483d-9496-e138a6da8971	8e2e6b91-b5d6-4d21-a2c9-4ce9d48307ed.FPKM.txt.gz	e463fa9cbc38109635b1eaf15fe9678e	500295	live
1b3f970b-2d44-490b-8cd1-281c3e08b7fb	b7170fda-1e88-457d-9fa6-44a92ec64505.FPKM.txt.gz	9e58aebac2f0941b93daeb49b91fff43	517509	live
3cc07830-45f8-4f29-91b4-3451939a24c1	7f8961db-237b-44d5-b9f8-eb3980896b98.FPKM.txt.gz	99109b42628aa72b32f0dd602cbd3b75	521051	live
b4ad4631-36fe-41e7-9c62-fdea0ed40c93	137d53ea-eb81-427d-ba2a-c346b904bf4d.FPKM.txt.gz	9bb2b9e6d91498e584e3815cde6094b8	529244	live
5c36fb15-c409-4c8c-9925-8ba5634cf9b5	f3876e31-2267-458d-826f-769bcfb34e56.FPKM.txt.gz	8fc35acdc13c66ef599bec2972a82da9	546544	live
eb3eb919-1fed-453e-8203-b01544c4021f	4d83267c-3fe7-4cfb-8d3b-c63370e725c8.FPKM.txt.gz	e602a2a6caff3aaa6bba83bf78b14743	534166	live
b5e81a56-1ead-45a9-811e-4789d9b4ef99	f59733cc-e2d4-497c-84a0-5ab4fdc47a4e.FPKM.txt.gz	7a056ad592e38d00a24529d60ab92b50	563971	live
e75c14cc-6f7a-4c5a-a7b8-32b79b6a8db4	c5c166cc-9a61-4340-901b-d198cb522289.FPKM.txt.gz	9d439ef29728c3c2d766c57f5e4525d7	535189	live
2aa632cc-130e-4a43-a391-ff40a9541fd2	ea52b9de-451a-480f-8e1a-ac520dcfdeff.FPKM.txt.gz	41cd34b0f80da003158e26c48dc28a8c	522687	live
32f6d7ab-67e1-4757-bd7d-5c6dd30f80f5	5a715f75-afcd-4255-bbdb-9eaf756a5944.FPKM.txt.gz	2490fa6214955048426b646cca1dfb4b	556606	live
60f51b57-9fd3-4412-a435-129e4067b512	1954f30d-9c55-4493-ba44-3350107a644b.FPKM.txt.gz	c0ceadc577fc1ab4353452d1a3fc733e	542272	live
aa2a70ae-d3a9-4c87-8b4b-84500e446269	cf503a9b-6af6-461a-8833-a6d26c99bdb7.FPKM.txt.gz	636495b8be15e33b46d00528e1e0e1e0	525831	live
60de8ae2-1789-4255-a374-f66e21e06cef	bceaa475-65e1-4362-91fa-22f68f90cbba.FPKM.txt.gz	ee6527e8b95c683cc3fc40529b47291d	554927	live
ae967e7c-a525-4802-9b91-b1df73e4f339	baed5b2d-e928-4f5f-be13-4c592b027c29.FPKM.txt.gz	df76220243c9d2e2ed5fe38d5466679f	511556	live
c89b88da-ab76-48a0-b136-08fa558d5afa	61162647-173a-458b-a387-967a2fd77630.FPKM.txt.gz	268173c82a0fe45735574bdf101bfa1f	569325	live
6cebd8e3-ab0f-48d5-a2bc-f982fe60d1ba	844b8466-6848-4dd7-b620-1a84103f63c8.FPKM.txt.gz	0f33a730e88b4e6d8bd4dff57c322037	514713	live
e0890902-cb05-432b-93cb-6899c78f52e7	586afb0b-e791-4efe-b5c9-eaac6ecce723.FPKM.txt.gz	31d9cc38d63ab564e600b89a0d36dce6	564179	live
d7db3d44-02ef-4ec7-a477-4ba004e5931e	df1d818d-1204-434a-8597-9cc864d5cc36.FPKM.txt.gz	48833c595c9e7875dd7da890a09ca868	524114	live
75aea00e-88a0-46d3-b5e3-0de866e3c148	42509e89-b487-4ab3-b70a-d3d2fa5f07d1.FPKM.txt.gz	1bc7c1df766e0d4f002543ac4b82b1ce	525367	live
d72e74e5-03a6-4d24-8646-3dbf5246e6d4	f00661fe-0081-435b-afea-27e1f1b39f33.FPKM.txt.gz	3dd2839dcae1605723138ed0458405ff	524481	live
03c91401-0a8d-4bd5-b67e-e976c909d0be	46649617-64ad-4fdb-9266-150e2fc6a54d.FPKM.txt.gz	7e9b7589dc219a25348f183d8277f251	525428	live
ae543107-0ac6-47cb-84c7-4a1c43d61544	725c494c-5cc8-4825-a992-b98d61f57046.FPKM.txt.gz	90080ae17fd8c82b1c9cd8f79a4e3df1	546693	live
b4ab347c-c06d-429c-b5ac-d5332127ca5b	023ce468-15ef-4077-af4d-4a723d133132.FPKM.txt.gz	65d7bcce0d3fa5527868563a488f6f60	553527	live
d730b8d6-1e42-4d5e-ae29-72f465d93def	29becab5-d444-4165-a8a0-35791c09a162.FPKM.txt.gz	beef4cde191f01678751043ad2eb972e	550121	live
cc2f93e7-30d9-40bb-af56-052b7081dfc8	2c532e1a-19b7-4e75-881b-04036db8cc8c.FPKM.txt.gz	62012e7c1cf70aeab7a3e87ffa782473	509498	live
b9617d1d-d4bf-44c1-8a60-8395a02bec90	53bbcddc-bbee-4a5c-ae1b-f68a5e7ef01c.FPKM.txt.gz	f5ae29e3078d267c400fa792fe0582d9	550956	live
ca41ed17-beca-4c29-be53-41db8ffc1df7	28d619c4-0511-4db1-bc3a-7a1c9ceec662.FPKM.txt.gz	18a683c11e2e690f802d9e3c4a4bb604	522417	live
4672bb9a-f372-4ddc-8ed3-db70f13c22ae	bed41d1f-443b-4abe-917c-e79f03bf2ae3.FPKM.txt.gz	e6775d8378ba0dba4f197cda8a7239c8	524441	live
bad90d8f-2269-4448-8546-470597bb2d2d	57e55f20-f2a6-4d40-88cd-8aab747791b7.FPKM.txt.gz	bfbf6d83d230858a42f629c5c9f83bea	516731	live
721f4540-672e-4d61-9429-5da444cd55c8	0ae0a2cb-0845-459e-b673-98ee0dea3968.FPKM.txt.gz	2bd540f68dada05cea28d8622acac4a2	522921	live
fa62c2e2-64d8-4a61-9817-419e0c03f19c	7a790ece-2c1a-4895-a475-9fabbc0622a3.FPKM.txt.gz	ae0fae0bb9e6ea79952e1247b299590b	563554	live
62b46a74-2288-4aec-ae4d-66d9f35f4fd0	f6dcf5aa-b9d3-4959-8dc9-ad67dbc3c9d0.FPKM.txt.gz	7755c406ec2ef4708653cd61b1aea273	512642	live
516c3dc0-7daf-4608-b5ed-b8eaad64de14	6b8fbd86-ffe4-463b-bd1e-5fe3249f9dc9.FPKM.txt.gz	3bddaddf4334f0458ba2c01cd570b9dd	529121	live
819d56c6-4931-4f52-8e34-db78b9b55ec8	9d5c2ed8-443b-4c71-b5b2-d9fc98b322c0.FPKM.txt.gz	fd57353640b23b0271aab0c2e406a0a7	524373	live
3326825d-5acd-42fc-a915-638d808d18d5	f7b97473-d095-419b-98ca-f9212f037893.FPKM.txt.gz	96d0d4e01ac5d9a65335f65a95ad7c76	542969	live
428df85b-2242-4925-8743-23c2c58990c2	2eb359c8-470a-47b4-a448-eb45df341862.FPKM.txt.gz	f5cb676dbc2421cba0daaccfd70d280a	516929	live
a20044f8-1326-4e11-a353-3d455141c5f3	0e269501-0237-4891-aa6b-5f5f0c3cbafb.FPKM.txt.gz	527ba73dd85c181b262f18b3bc671e6d	521372	live
195b55c7-97ed-48df-964e-099994c255b1	764dfff6-4ae1-4dcf-a505-867b6f6845d2.FPKM.txt.gz	7e70ffa929935117688e3229b309f296	546400	live
a363a566-ad11-44b8-91f0-3cc6aebe6b0d	495fe6cb-7649-4434-98cd-214f1b842907.FPKM.txt.gz	35422c3facf8f86e331adf8494f9a3fb	547162	live
de328a38-dd4a-4510-841c-632a2ebe53b3	020a0264-e1d5-4957-9abf-df6983845b8a.FPKM.txt.gz	1de3432723ad334e8f76a0abed32c7e6	516986	live
06fc7a4e-bc04-4155-a173-64fa88316a13	b42d8f67-8e05-4302-ae87-783dfb38a58a.FPKM.txt.gz	779e63059e836af591000fcab47817a5	518795	live
0f215690-dd38-422c-90bd-18b43f213db6	09246213-2ca8-461d-8cb9-2de1da038b7f.FPKM.txt.gz	67fa3d0e23f752705d247fc8639d215e	537036	live
ffc85365-14ba-4707-936d-42a630b8a2af	3c5c3b14-62d4-431a-ba60-cf2eb96d7e8a.FPKM.txt.gz	78f4cb4c51a14633c7d32192baa1817b	521638	live
b4e575a9-18bb-4b28-8878-4d9bc8b1e770	fb7bdba2-fc02-4d20-804c-704310642bdc.FPKM.txt.gz	f456139022d07ff9765df8f7460160ff	510934	live
52356d1c-a5f9-4da2-a193-d19481e11c90	22b2ac9e-b6d4-415e-b7ab-7c3c85c8d215.FPKM.txt.gz	aa34a28ce22717c3fcd388fa28ab4341	535126	live
36160f07-6cd9-4ba6-864b-c43cb2d0d613	b197f3a7-4bb6-4e88-b1cf-9ad513873739.FPKM.txt.gz	0c7142c34b6b3e44494a4a61e00c4372	508672	live
d5b148cd-0bdd-48a7-abc7-fee38d3031c2	0e88c1e6-6c1a-40e4-865e-b601621d33d1.FPKM.txt.gz	abae9e9b595d1d941c3ef074edf8d03e	543588	live
ff6e2950-4b5b-4607-a580-66b207b22667	04e92e8a-7016-453b-addb-a3cc7e88d867.FPKM.txt.gz	105c8510ec16828a73bbe1eef4cef27d	571684	live
45fb86ad-46f3-403a-be4f-51879accf136	ec2e0f42-85e7-48be-ba3c-1afcee0e7e1b.FPKM.txt.gz	45a32d6612678265e884d7464aabaac2	531075	live
dc1f5d01-23df-453a-a26c-1deb7bb3ca14	e69a2070-7766-4e4a-89f5-5728e2c9590f.FPKM.txt.gz	2b9cb56985f2b656f0480dc9b8b652a6	555600	live
77478928-8a28-4162-9c3d-0932ac4c9d2d	43a95b01-4d9e-4205-9eda-f7cfcfabe0de.FPKM.txt.gz	9c15d36dba1a43be427f32d283760b6b	504038	live
22b5c52e-7058-4eb3-8727-277efaae4957	a2ce478c-032f-4e23-a011-4d67f16befee.FPKM.txt.gz	1db599649264a9e76e49c8225385ef8b	498239	live
74f6fdad-4976-4d64-a074-d66ae701763c	45db4b6d-e0d3-430f-b88e-cda7a388c2af.FPKM.txt.gz	4c4a995598cc5163ed1d54c85a0a7ae4	559756	live
781124c7-078d-468b-99c1-69d7af0eae0c	f0ce3674-e566-474f-8b8e-96c467e3d7f5.FPKM.txt.gz	fcc3277284effaf082ed062d727be324	514186	live
2cf08853-e134-45ca-99d0-c5807c599dcd	62be7dc8-d879-4626-8168-25ccccf341f5.FPKM.txt.gz	eabad2eb3214e3417e033a8d48e644c6	512372	live
ad0afb54-e4bc-48c1-9606-cf04fa45214e	476de4e4-7dfd-41a8-a3c5-3ae05987093e.FPKM.txt.gz	51f3586e1a5e52ac5202dc5debcdf8f6	502073	live
3b7c81a4-9c1d-4082-82dd-f3fe678d31ea	b65910eb-d898-4c43-8cdf-300c94f168a3.FPKM.txt.gz	b02edb00441c456d953ee42bee56f456	588161	live
c100408c-6dca-4953-95e2-0ec8589d7706	ee688178-c5d2-445d-a4ce-69a17640e43d.FPKM.txt.gz	46d2ddb9492651ce7361f722024fe1c3	508858	live
ec94bd36-db9a-4e42-bcc0-bc75350f8380	6641ecad-6707-4f4d-ba99-d28b3817bd98.FPKM.txt.gz	e82c3e2abefa584c984b3d672b17136c	568774	live
eb0d7592-6e37-45e1-8b61-d747aadc0f89	8c063b2e-61f1-40ef-9ec1-5146d1c1855c.FPKM.txt.gz	f0d4049e86396425c860815f557877a5	503683	live
4a9266c7-1976-4d97-a8cd-ef9c734f6b9b	4020fb48-41a6-40be-bf52-0e45fa2c1799.FPKM.txt.gz	370c8d1c785d90517a95800e2963912d	526256	live
f9889739-b593-4618-bea8-32407026cdcd	9792f7ee-3295-43d7-b2f9-46cfa2dd2167.FPKM.txt.gz	075579c141b6dcdc3ead3d1074fb4231	520031	live
d60456fd-0294-49fd-93a3-f2831d190de5	3b57505d-cea2-4f9c-8c85-862fefaa5c63.FPKM.txt.gz	bda1fa5e4571d3c06aede59936189816	518273	live
47f8842f-10d6-47ec-a26f-c6f6242b2800	c02e42b9-e4c1-4119-b287-97f74517aab5.FPKM.txt.gz	121e8049c666e0ce312d09f5192ca56b	512759	live
024420b3-7101-4b08-b69d-521cf282c6c1	df573c90-44cf-4409-b92f-f6c8aaf01737.FPKM.txt.gz	3f09155b24db79c6b666c76dbd863840	507634	live
cac3eb75-f38e-493b-99a8-d90988dbb66e	3dce2e68-bcf1-42b6-9374-b2724a0f5242.FPKM.txt.gz	dc373c6ad149edb80505b20e637758cc	517470	live
53cd69b3-f5eb-4159-9db2-d698d7abd267	4e30632f-e8ad-4a99-97ba-94d89a08bc19.FPKM.txt.gz	183036259b278738dd09c74017e22844	504679	live
e90bbc24-bf7f-4e2a-8fc7-b2d58a08c15b	40cc0bb9-64a0-4163-9244-1ab3ddfbfea0.FPKM.txt.gz	c7c7a895a7683ad9f8530c3f95d2bb07	557201	live
acb66295-3dd3-45a4-80ee-de2950e2c56e	bf321bbe-efdc-46d0-b93c-a410dfa3b179.FPKM.txt.gz	1243e16332f22d0e6c95084c23df305d	526181	live
01cfaa79-96ca-44ac-9f8a-614520c57717	956e52f2-475c-4aa3-9e99-0912e4612314.FPKM.txt.gz	832c1456ef6e702d091845f3d70ce53d	513391	live
623c78e6-f706-4a91-9b52-898795d59b70	a51644b5-14b7-4764-b1c6-946613cd0215.FPKM.txt.gz	84c0f07e490101d9993bfd0ca588d793	502011	live
34eb9ca2-a0e1-4ff3-9019-f0d2b1bb0a07	6bfb01db-5e92-4fad-9b21-39e1e911716b.FPKM.txt.gz	8f5b04bc386ce202f21101e54aca4b90	520101	live
8d61078c-a1a3-48b9-9ade-97ab7357d461	bed7e30b-bf94-41d1-80f6-0595ff21bd3e.FPKM.txt.gz	d72aceab6ed0566529497687116f39bb	541714	live
e2d7fcac-0583-4471-ad1e-6121390abfc3	2a3c3b16-84bb-4193-b637-c9e140c720b5.FPKM.txt.gz	f3ad69f470afc67eeb58a0a6b62ed78e	509067	live
a0e50159-fc8a-40ef-97f1-d3a38c8aa34f	84d835ed-9e38-4fb0-8596-df882698107d.FPKM.txt.gz	2a060b5db3a421a6ad38c70a6f6841da	529948	live
f1020d56-a422-4627-99fa-57ad2900f3fa	5b28b53d-0d5e-4359-be3d-23bcb185fc00.FPKM.txt.gz	8e7dcd17d109344d80099547bab534db	489501	live
a0ea9747-c050-47a9-896a-2786d65446ec	8dec6cce-17fe-4d01-8ad3-f8baa1156356.FPKM.txt.gz	b65b432940fe06dd4535f3c679ee254e	512571	live
f0e6f95e-72f0-4b82-b969-2fc6061c1e8c	5ed6a576-0353-4e3e-9df8-a1a177e4672f.FPKM.txt.gz	938c38dc0441e2523bb2637f23dfedfe	512166	live
02f5319b-f9f7-4efb-b9f1-ebf7c470d0ea	f29a555a-3fb8-47a0-ac54-01811b6ad192.FPKM.txt.gz	d2ebb61e4405d3ca6ee55224d931121a	533246	live
367dc7b8-988e-4b84-b9bc-c9565cff904c	00a9180b-4707-411f-9732-61fc49bfeb48.FPKM.txt.gz	8b0794cbbeb77b4bf1b7d079f1559e62	502782	live
b3907b57-f01a-4f16-b8fd-76e2bfb85ef7	63404d01-9685-4a55-9319-202e5f5abf79.FPKM.txt.gz	fb1ddea2e1eb1576d40d7393b67f8a13	511553	live
942d1e60-5a6e-466c-9e1f-d54cb35d0ac7	521cf209-e415-4352-96d7-aef7c1d564c0.FPKM.txt.gz	4d118af4ef181feeb4dfac9208810493	561469	live
c4cfaa95-95f0-4d7b-8133-9c416dbb1500	7e0c2d63-6b93-4164-b9c6-72ad669eb0c7.FPKM.txt.gz	878b8191adbce2979283bea90152adb0	547113	live
be50e4af-3d79-4560-b68b-b281f2234c7a	b36ee0d0-f9d9-41fa-a260-15c1e6d7a1c1.FPKM.txt.gz	df56f20ce1c93ada0d615804ac569e63	534622	live
bba31165-9383-48dd-b2f5-22071e53a31d	7a43da66-e219-4bc3-bddb-ef014247039f.FPKM.txt.gz	fa6254012b545a5da584a8907ab58420	514182	live
54694dd6-1eef-4dce-ad3a-26601fc0b3c5	6ede5224-9a84-4ec5-9db2-99fbaf3419b1.FPKM.txt.gz	957e624f70bab246c57aa908189f9eed	514200	live
3652b879-5e7b-48d5-826c-70889cd96c2e	aaffdeee-dffd-41a6-ab52-caac8e05bb27.FPKM.txt.gz	747fc2a8969966e2663e349f586f5e18	536283	live
e2109fa6-6c2d-42f8-a1b7-47c5ba413b2a	5a1115b6-f0b9-4912-a493-7b239e3f674b.FPKM.txt.gz	42c5b44cba6d90aeb1ab813c1e621da4	507343	live
7e72c986-f79b-44f5-8c21-1f674da44055	06ef2a8d-3ab3-4e88-b72c-a4317d5e8a52.FPKM.txt.gz	df4a95598f71d59b1cf8423e572bc769	547102	live
8d429e97-f30d-49a7-9047-413fc7d08601	bb5f9300-48c1-4155-9691-c9780bfa883f.FPKM.txt.gz	1cb58699516ea891c12b902ad636feb1	505252	live
f8bbae73-e31a-4712-ab7c-95a4763f32d6	3ee5534e-db4b-46b4-8d4d-111685eab0c9.FPKM.txt.gz	339bb52f40ccdaf5847bcbb1453c4991	508604	live
0ef37586-fb96-4db1-9c46-cf5d1edd726f	3cd45be6-69d7-41c2-897a-44f8a70a451f.FPKM.txt.gz	2f2d9ec4fb052dc43853f847901ced13	518253	live
7551be90-6c81-4c0d-8274-6dc4f461fa28	1699471a-4d01-4ad5-aa25-e898ab468cde.FPKM.txt.gz	b94ecfa0094f1c5744d184104886bed1	522978	live
c1fd2fc0-28fc-48a3-bcc0-7535a8cad7bc	4cab26a0-d914-4b92-8c97-522c07edd284.FPKM.txt.gz	430067055d66e222cda3c0a730b3435f	551639	live
f1afe63e-5280-44a5-95ff-6992fb4cece1	6a058f09-eac6-40d3-a24f-da1cb0371a2b.FPKM.txt.gz	fdbb4a991b6259b8bcb841c0d1570e33	560431	live
e5d947c7-44f9-40ad-87a1-940e1c733951	b96fb7a6-9e5c-48ce-9ef8-aaef675cdfdd.FPKM.txt.gz	695b6ae97f9ab54504ddb9ae7647ee6c	524016	live
39f953c5-dab0-420e-a650-a50a30f48097	3ac10a9b-801d-4e87-8b8d-33f1c7eed2bd.FPKM.txt.gz	0f23adbb8bd393e14f99bdc7c966dbe1	508758	live
895bc144-af38-4ae9-b6d7-3dca677082fb	db4c135e-dae9-4c6d-b765-4a212cc3e13e.FPKM.txt.gz	249e0cd0ee39e9e46e834b117f6bb538	550521	live
c94285a4-8b2e-4063-b304-d3c947f45d7b	f0532052-b496-4435-abc4-93e23c6a68a5.FPKM.txt.gz	69b4539b4e1536e22223296ee7fd1911	554357	live
6b2e3689-7b3f-46e3-aa43-7e5eec010727	0ca1e770-a584-4090-95fa-9c0a3ad4bc16.FPKM.txt.gz	4c2de43bc3ef31246b6d950af85603a7	469216	live
01f76df2-6ecc-40b6-adc9-33c352a50e69	432bfb40-6587-4393-89b8-456e639152e8.FPKM.txt.gz	5cfeb1a97261c7e91238fdcefb497ec2	522952	live
75672bfd-6280-4768-a15c-3f2e430f9dd7	536f6749-4430-4c7e-93e3-c60e629c502c.FPKM.txt.gz	73ee89255a6af47f9672bff6bc1fefac	533187	live
bd66320e-ea15-4f13-86c5-581496aeadec	cfe84822-f9a6-4fe0-bed5-ee2f44fdecf7.FPKM.txt.gz	0f2cebc1f6c3dae7c00a9f775f22218a	544859	live
c8737828-ca54-4495-bcfb-cff3f683c822	6c4b3467-bf5a-4241-a580-44eea16df109.FPKM.txt.gz	6c3e2a8470f75a957ca7ac8787b20091	520657	live
88d12ddd-26c2-4f72-bd01-c5d1e22b20d0	ab6f6f5b-f5b2-4da2-ab37-6b9bf6ea0b77.FPKM.txt.gz	2ab94447bbce465a315660ae2dffc681	513010	live
c6d2769d-c8fa-4676-85e4-0ae78942daa0	b9ab3494-7186-4df1-9aac-75777ce3a8ed.FPKM.txt.gz	f4294f46aa02f3e2d3d80ba2f1aa7b0f	527003	live
ded343a3-3008-4e76-ab3f-6ae56c021b7b	11ad89e5-bfa7-42bc-8dd4-13a5f745df1a.FPKM.txt.gz	d8f56050437fffa3ae46876bc2f19e88	504497	live
abf11364-4673-4f8e-9aea-3fe54b4cf7b8	5012c1cb-2153-4013-99d7-c8678f6db126.FPKM.txt.gz	5520a13278ed56d7adc49af11e7b95ec	561921	live
4c77791c-cb11-4cc5-938a-7565aa39dd52	38712765-2ae2-438a-92e0-ca9e326a875d.FPKM.txt.gz	14dd7811d838a839a19384d359482425	548402	live
0d0e1f6f-5298-4227-ae3f-8a2ac391a05b	454d2d51-19c4-4509-96ad-c400035a49f4.FPKM.txt.gz	e6d46eedae3cca64adcdd542844b7c71	561646	live
6052fec8-ee70-4d50-936f-0f2aaf49ef23	608afa9d-7bfd-44d3-9d73-1b027c185518.FPKM.txt.gz	92e9d40650d02fc75dbf0b4e3706306d	550809	live
fff7a8bd-9f90-48a4-a037-f8b9154bbfeb	a8ecb5d8-ece5-43cc-843c-da81dc031ced.FPKM.txt.gz	3cafb7689a03685fd7433cfd4710523a	507586	live
8b3ff499-6e26-439f-bcc2-28407c8cd4eb	a842f65f-8e47-4ddb-81aa-a4acff6b4963.FPKM.txt.gz	5223502b7a190433069f673b1970d6a0	520697	live
c7e845c1-0f05-462e-8978-1c803bd70635	99a601eb-cbb0-4460-b9dc-6e151f4ff225.FPKM.txt.gz	22bfe717b0db73cb513404c9eeb63a6b	570015	live
df850934-c2ef-4172-931a-04e6b723003a	8789d75c-8207-44bf-a34e-985440406b34.FPKM.txt.gz	316e7fa9f9ec391ae53531b6343d3b83	527506	live
0a2f5c2e-5e46-4d53-8c17-5cdcccf8602d	776104e1-6a5b-4fda-8943-23edd5bcb462.FPKM.txt.gz	38435fe1c1f6e78270a10f12edbb0e30	518139	live
4284fdc2-d71d-4c43-970d-fbca133d0189	56ac46a4-f422-43e3-b117-39c8c835c4c1.FPKM.txt.gz	51e3514aee63b8c45480bf520570d01a	506073	live
2c7097eb-f620-448a-8832-9956b313b35c	015b7fde-e571-4f7d-9574-eacfa8107a4c.FPKM.txt.gz	a729243b14ed1dbc13faac109f87b350	527737	live
9c1f36d3-2465-49e3-b948-57385dfc8500	8f6d3839-330b-45c7-86e5-1b9051a2c9f0.FPKM.txt.gz	acdf9b1d1bea35d47b6026ec2f484ff4	484077	live
cec3849c-bf11-4a3e-a229-2a24c85d48b6	c111fbd6-cfcb-4372-b630-f3688e26427f.FPKM.txt.gz	9a1f66b63a68f9b4b0b09952c9a960d6	519597	live
1d34d770-d546-498f-b3fb-06b1bed1cab8	c5f1fac6-8b52-4a0d-b75c-fbb268b91fe6.FPKM.txt.gz	579a5c888defe928fdbc01f5d0838b23	579702	live
00011154-9a17-45bf-8ffe-dd7c09adabda	1a13663e-9015-4eeb-ab6a-8f40a8bbf403.FPKM.txt.gz	d9e2c8f09475bdb7246514e4168cc368	503188	live
8070e03b-6c17-48de-ba8c-50e191024bb4	98386c9e-712a-4a16-ae18-736d6ff54973.FPKM.txt.gz	8d14287a1504378e7f656b8ef15d5cc1	526468	live
4e15c49d-4dfa-471d-90e1-ea45023c0f39	8a4021d0-bdee-4287-9266-d33e8d0a7407.FPKM.txt.gz	61953539c189c9b66697656c9b3a11ed	511190	live
06676c3b-e57c-4c23-9678-2d987a5f8edd	151836ff-610c-49ac-a8c5-868e0bbf4eaa.FPKM.txt.gz	67bd6973e584917cd0b9cf095bb433ed	551492	live
35c62951-7e7d-4316-b7a1-f202f7981a00	ed167176-8e4c-464e-b18e-ce6f1af4428a.FPKM.txt.gz	620cd66546d972e68559760c8a0ff17f	512634	live
c5e8b8b1-4d17-4219-9029-359552e67aff	666b1386-0778-4b3c-a736-dccdc041c80f.FPKM.txt.gz	2de538287d1a9597efc030461a010a0a	533415	live
512be8dc-f0fa-4bca-8c88-f1e42bec38bc	20cdc1be-7412-4457-ab53-90dcfdf26f93.FPKM.txt.gz	bc5e9db2f2d102a7bd4ca753e0416857	522021	live
62199f45-d14d-4c08-8650-a45bc169b9f9	590db39a-029c-4f4b-9bcd-aec5d18580db.FPKM.txt.gz	db30e231bc93bc5e2e1de914234c6296	514119	live
4808fabc-e2e1-48d1-b20f-e6b2c9c89678	7ebd35ca-8fd1-4f22-a38d-122537b65bc2.FPKM.txt.gz	7e2f40c4eff7a428ba08c61c83eb5491	584245	live
4d74d20a-6109-4a2e-b9f4-fc44a3e20afb	8397b99f-3ab3-4e85-a6d2-4377689aface.FPKM.txt.gz	589dd5ff6c94e00bb14bc8db18919f52	510271	live
dbbac9db-7922-4520-b630-16972950cbde	a4bf8ad0-255e-41fc-92f1-bdbfb7001edb.FPKM.txt.gz	a7b88ddb22e4b31239c0309e009092d6	526446	live
ab40204f-0b8c-4347-8065-0ab5131e0ea9	3f525b6f-e66f-455f-90ad-8adc27da7045.FPKM.txt.gz	7b213478ad46656abec586fc7a0e6f9c	495968	live
ea3a8515-8a49-4eb0-bd02-87226cd3a7e4	9a9ad966-3448-4ac4-81c2-df59121204f0.FPKM.txt.gz	047d6dfaa7ffd6e234582f798dab8ebe	491011	live
b0c0acfc-bee1-49e3-9a38-a186a40c703c	891f9d70-e716-4fc9-b53e-f120da74eea3.FPKM.txt.gz	8b973c581995aa3e5c65773d02f6b0bd	618963	live
f32e8958-8297-4795-9c39-4bf5ae66c4c0	e26db93d-c41d-4048-9cab-196ec70c5676.FPKM.txt.gz	0aeb11d7def8badf94b8761144781b84	495402	live
057d20f8-15cd-4f14-b3aa-aabb0a9a3690	bf10b66f-f192-44fe-9580-16599fb7904b.FPKM.txt.gz	2fa8a4f2941bbc70a1b58c07b0179e60	529058	live
d31824d9-da89-4075-acd6-b76b18ad3621	4803ca9c-59c4-4330-b8f7-e3eb4a01ebb6.FPKM.txt.gz	78ed4ebb62847545fb791e524242d1b1	499007	live
35fda34e-3874-4b16-b0b8-f88af2e039db	aafeade1-c999-487f-9a76-582f33545eee.FPKM.txt.gz	ebaaf9a7358d3d672afcf6f49e9babb6	526825	live
24c5362d-84ab-4440-a93a-3748123077c9	e9aa9cb2-b87f-4d1f-8627-11a1c1d900c7.FPKM.txt.gz	5d0e783e59da2fbe0329d308d12c2d1c	524471	live
d1db5761-804b-4bab-bb5e-694449f68661	064910fa-3648-4324-b958-47a3b89fe4b5.FPKM.txt.gz	1653cd6e89b92852dcf692708e0bb1e9	509631	live
e03d8fd3-ab8b-4b73-9edb-32352652c674	1958cf80-bec7-4b92-9338-7a2da94dfb68.FPKM.txt.gz	94c4986468bac556c3918f1947ed4fbb	503389	live
f066bbfb-a561-4209-8ee8-dd751fb87a30	f0dd3f84-52af-4d84-b911-c12ce87070a5.FPKM.txt.gz	45347db35c4e4538ab650d903440d5e2	527229	live
c7f59c30-6cba-44ba-bcb6-a4249a5db967	6fd37782-98d7-4704-b046-b18574b65be4.FPKM.txt.gz	33dae9f39ace3f4ef7c73b6ecf8f4fbd	515062	live
f50f2f1c-ca85-4cd1-bff9-b9b218d14db4	f426d6b8-5010-471c-aa9c-253269f6bc03.FPKM.txt.gz	bcd7e9a0bfb380bbc8ab7504a8a807ec	524847	live
2217d2d2-ba56-4d11-b563-acd9f2e85c9a	bbc8e3e4-ff61-49ea-8624-e0b5b078562e.FPKM.txt.gz	266067377e2db1bf72b0cd59595ab5a5	555775	live
af0795d7-28d9-48a8-a8a7-3648af33b3f9	78e7d9ea-de99-488a-a87e-c7ff3e3bd8cf.FPKM.txt.gz	32b6419129028e9e4e0a1d342191a660	501716	live
f23e1f1d-1c18-4e9a-a13c-0384f55066e2	38a90283-962c-482d-99f1-bcb8cfb568bc.FPKM.txt.gz	bdd5adb71c5f7c1c563cac83d01f514e	518228	live
dd099ee8-4c4e-4dd7-af28-52bfe0e0f6fc	6e2123ba-f414-492b-b3ea-76cdb8b49da7.FPKM.txt.gz	b1a541b75d6359c07a9966ed362829d4	562767	live
41ad6329-a685-4ed2-828e-8bd42a7432e8	7dd92b6c-ed0f-4f93-8a03-0fb8eb318d83.FPKM.txt.gz	e383563d93af479ad58202edcc6ec8c9	534889	live
0b9c35e3-b0e9-4b7a-b0fd-8a837edf872e	640ccf3e-487f-49ca-8df6-67e10d852c9e.FPKM.txt.gz	bd81b6b262ed55611bd142b64b081b10	519867	live
e6970c95-23a1-4c31-a5c0-4136a6b4b83c	591271df-af96-4915-9e17-e3362bb7f57d.FPKM.txt.gz	a124aaa23fd6b9cdd535873b6c5147c2	510407	live
117c9f65-0fec-447c-b264-56a07a7976a6	d0948978-3724-49dd-b7f7-5a28ca9a8571.FPKM.txt.gz	f61aca0d4045595e7f5736fc8f99309c	519602	live
254d569a-d7eb-4c31-968e-0f4f5fa90b08	a0c716d7-ab86-4381-9f1c-11f5e4d386ca.FPKM.txt.gz	c9d7358a3e4eaa6719e0b1a8bef68f60	517751	live
6b9dae99-4c58-4a2c-930d-3600cd614be4	2f3f4579-6282-43a1-9f75-bac712f1f0d6.FPKM.txt.gz	3e495e4724cf198b955af15c3d495111	540232	live
25bb544b-8a31-4c96-9d0c-8d7588d1a471	be5d2862-2042-43f3-9469-9c8c599e21fc.FPKM.txt.gz	3b0038a39e11b1105cf55d9387b0380a	532887	live
fb9aa575-6365-4657-acd3-7d2d72ba050f	10ebec51-fa4a-4d65-9c5f-07eb6e399e8f.FPKM.txt.gz	c75e2d64be8b7cf9b88944eccf6f1a35	529450	live
340160bc-c874-4ff5-b9e9-02deb61795d5	10f64bfb-e4ca-4426-b936-36e4c1c2cc2a.FPKM.txt.gz	3d37dd7184a0e7d1e03f758b6314e12d	542003	live
542523b4-bc2b-4ae6-b87a-063d6e7f2989	34e77fac-9e4b-481c-9a6c-a1b5f0916f06.FPKM.txt.gz	d8f5df32a716e2e1ab8db0f697bb3ca5	514817	live
4bb7ad46-ad9e-4339-8d9f-a002bea7067a	03fe25f9-ec83-49d0-9f50-e113b6678fdc.FPKM.txt.gz	c819ff565659de31e3445214ab27837a	515131	live
234bf140-7172-45ea-9560-a9236d270683	74820fcd-2e21-4de7-aabf-bdea4842046a.FPKM.txt.gz	4052a7a76deec9f3ea44ce55ed2532a9	545574	live
ee77933d-d187-4b94-add1-cdb3c6e5e634	f25e85e5-e84e-4b42-bcf0-d493d8bffba4.FPKM.txt.gz	a1d9d71645b29bc4711b12a0e604fc7f	517482	live
63150d39-6741-46dd-9af4-875e78400f4b	44925f20-dad5-40de-99b6-e8164abe94ed.FPKM.txt.gz	fb1631b2e3f793400b2fbe7a00fbd483	534868	live
610eebb9-85a2-47a4-91c2-2a3152e1ee4b	2950c137-45e0-458f-987f-31de7f7befc4.FPKM.txt.gz	39426561de07ea7b6af2522972f1e995	509735	live
31518b9b-283a-4465-9e1e-e0737e436b4c	e8bb4231-35af-462f-accf-a07a1aa9d5a6.FPKM.txt.gz	d5e45a4d86895b41d66512be395436e7	552211	live
813235b3-393b-4a13-b208-7933d1f2f298	ecc2be0d-e700-4598-9e83-44e0b1a12e01.FPKM.txt.gz	a6ecf89acad3744ada74913c80baf627	542164	live
bd1480fc-d8b9-4bb1-b49f-adb1a61c5b93	862ee0a5-794a-4bad-974e-84b341fa7d50.FPKM.txt.gz	eb699be7063d8d22df1a8f5fe8c3b511	566409	live
e511496a-5ff7-49ce-9c0e-6e28ba567320	8e8191bf-78b4-4d5d-ac02-153528aee2f5.FPKM.txt.gz	076ce2ba92a6335f95798bbb3bfa3cae	577990	live
3c203784-2f82-4967-b612-0d78edb77897	2f636668-f8a7-4aaa-a089-b65cd8f5809e.FPKM.txt.gz	8b50698f9722234ee574c9a979bf3078	524966	live
1e83d40b-47bb-4c93-8229-8efa83fc752c	17f1e25d-0177-4bf8-93c1-8d80a41b3164.FPKM.txt.gz	59e3bcde48a2ab5561871cce0b9fa893	533381	live
04860165-81aa-4dd4-82bf-92b806af51bf	631a4c93-c41d-4ca3-84c7-6f6ad226397a.FPKM.txt.gz	93d226c32248aede802df21658168086	519371	live
0e903a34-9c87-4444-abfa-fa22882f2cd5	286f0725-a1d9-4745-aa33-c7a0d35e0481.FPKM.txt.gz	f8d29e9e66738433a619d4e554b7d047	512018	live
78e16b02-1fcf-4bad-9c89-10255d5017e9	df0b7118-2a68-420e-a1dd-236e05bc8fe8.FPKM.txt.gz	756887cd772d0cccbbcc263ba3f44e43	553441	live
ad034541-0ae7-4c94-82de-9649d01989ce	c50805c9-71f7-41bb-97f9-5ef389cbfb62.FPKM.txt.gz	c9a96ce899d247f025c3171b39e0c345	513775	live
3fcc22ee-d58e-4989-a404-da9890ad27fb	a7d05ea6-aa28-457f-a20b-57e812b614e1.FPKM.txt.gz	5abc1032da40bb3a299ebd7eafec6b8b	554216	live
546b6537-d22c-4143-9532-8edfeae455a6	8236e9a3-ea00-4a0f-923e-40d55c300a83.FPKM.txt.gz	f95cd63117ef402d3b5c9a0caf062a91	518899	live
47e7f188-12ee-4024-92cf-09c42afe688d	35f271be-6fd4-411a-afbc-c370665c363a.FPKM.txt.gz	f537bd86a7716aefa851719182cfdd62	551792	live
723307f0-988c-43c0-bcf0-7852bfb28044	a3f0e2f2-fca0-4562-812e-31921c9f482f.FPKM.txt.gz	c745eb4886d217c7dc61d8dcd458226e	496680	live
e125a6eb-2ea1-4a47-ab0a-eac866152d28	cca451f8-573f-4f4d-b551-32493218d16c.FPKM.txt.gz	4bbca694804d970fd251138dc5dc9130	466377	live
43d3b4af-87bf-4a22-a37f-8f013f42abbf	de3d2ca0-d59f-46b3-9b15-fad972cfa86e.FPKM.txt.gz	f2918cf2c052cc3aaa3b5f6b3ff8c9bc	613386	live
c68f656b-cd9c-4348-a5d4-418f5d277c19	97ae61b2-1b02-4084-a949-8c7dc1073139.FPKM.txt.gz	c1cba1aee395858598b1941f805f31da	516143	live
f6166fac-9cd9-4f2e-a8e9-e08fcce0d380	ff7a8aa0-f671-441d-adfb-e1139614a47a.FPKM.txt.gz	32fb5de7febd523776a4395eb032ab42	546840	live
33c5a5f6-0b30-4d28-ada9-844c0c2cf3a0	2ac28765-d5c7-4361-afed-3adabd801ee1.FPKM.txt.gz	0e1e2eefe5e08a6d105cf8105d506437	548218	live
12366813-cc32-4c7d-bb4b-9c1f8a360e7e	601b2c2f-f51c-4055-90aa-53fc6380fb67.FPKM.txt.gz	46e60f71ebeff1780115000b5b97bb10	556524	live
ea7081e8-c8e8-4068-a945-fd102647238b	e3819f03-64b9-4999-acd7-27af18dade35.FPKM.txt.gz	3ca11c98ab14b9068ea9bf47f2b94d80	531682	live
6ffe10be-4a34-4e89-810f-34153b74c58d	d7984046-2ea2-4b2e-ba78-2909ed46f649.FPKM.txt.gz	1473705a4473eff74785a6722059b4f5	513616	live
b0c3f8ef-5f64-4ff8-84ff-1394457b454c	b125b3b0-aa59-4e92-9a19-47d5049f7737.FPKM.txt.gz	655ddf029a0000fb5b10201ce68d143f	488796	live
1e4b6278-a344-458a-b2c8-fddcccc9af83	1ef78255-1b5c-42af-aa81-128c1b009114.FPKM.txt.gz	c273820d0f6c88b144174512b46c5154	521731	live
4f3616ce-847b-4e66-b621-aab8bee2c696	355f9f19-ed5e-4bf6-a8b5-d50f67d5d43c.FPKM.txt.gz	7ce64271889fc65ae7ea0edd0130a091	536386	live
0c84903e-5f7a-41f0-8c2b-f4529984a5e0	bcc63e30-8c08-4767-85a0-69433319bd21.FPKM.txt.gz	da92f7c4af609420e18fafc7999b25bb	523026	live
2a845a3e-3cdd-4bea-92b6-1229cf5e68df	fabbefc8-53b5-42e4-9a54-39280d18f419.FPKM.txt.gz	c9aa578834a00432618dce9a184cba7f	571085	live
0e67bc32-bf17-4c4b-ada1-b2a07b7c0876	3d01269f-7b74-4f80-8a08-abb448913492.FPKM.txt.gz	b04f74965494dac2c70c382fdbd3d506	558353	live
cae3addd-3b46-4047-906d-5889af18872b	978e6eae-88e0-4886-8523-baabc7b0764d.FPKM.txt.gz	b9b45b9acc24407c23fecdab842084f4	546468	live
3a92485d-9e88-4322-b37d-e83b4fcfc9e4	426b94fe-fcff-49f2-9d0b-c7cb49bb5559.FPKM.txt.gz	e4727ca110a2a06aca4ee784adc4634b	549442	live
e9c6e9fb-2898-4caf-8429-6ac2914332b0	d88996bb-af00-4040-b251-29807506ac1f.FPKM.txt.gz	2fd0866d51e33797bdb48de08610d494	513835	live
3cdfe7b6-b7c4-4da0-be5a-87b8f2c277fe	a8d90f96-19e8-4b2c-a9c8-904a4063d235.FPKM.txt.gz	786f61cc4f13fb4d5009111dbe093b26	520774	live
db0c94f8-d2ec-412a-9bdd-2d87c90c7874	ca8a081c-43f9-4f6b-8736-64eb61cd72aa.FPKM.txt.gz	cce68fe3be56729987173ce283968949	556808	live
ca7bbcc9-480c-416f-9033-072b84fe42b0	2692d2ae-3785-49ac-9431-37d36bd5dd21.FPKM.txt.gz	5021a1c4a3ce5805d9e07afb6e49f509	518821	live
bfbbc5bd-54e2-43be-b917-6e63797071b3	a7f415b8-fd54-40fd-a143-785dca873d3c.FPKM.txt.gz	1be0810b416409beded2bbe2fb6eb6c6	515345	live
fd0e7d1b-dfee-4ecf-ab29-903f5de098de	c0585219-4f92-423a-94bc-249d4f8c3b35.FPKM.txt.gz	736bf601fce7424692f7b7cd1a729729	517342	live
ca465474-fc5b-4e8d-8d2b-8764228e399c	390a7a27-3687-44a4-8e4c-7b343e418475.FPKM.txt.gz	fb8148b77ee54a5baa0953ec301b7196	523169	live
435d5300-fa3d-4a2f-8072-a08e1035aa3e	68e11add-9274-45d8-a789-1f475e781cd2.FPKM.txt.gz	3a5851dbb836fbc87269feafc3a6b0c0	529760	live
a110c5c3-83fe-4893-8b81-fa2f6f26bdec	10d26b59-35d5-4925-9f28-6d54125ad67a.FPKM.txt.gz	b609092d9f1de366a3532947435b75f7	517674	live
4ca378eb-2191-4fa8-9e5b-88f3c886bf0a	405e401d-d3fc-468c-8c63-c8dddf9b3ee3.FPKM.txt.gz	99c2695d268c597fe826f88ad045b366	503439	live
4b9f9e62-b6dc-494d-81e6-e7729eca4135	3fdbd440-98a0-4ea0-ad84-d38667e176d0.FPKM.txt.gz	bcaeb3f151ed627da7e987451319d72f	519068	live
60e1c464-7de5-4daf-9c40-c03d3ebed162	6e2447ba-25fb-4c53-bf2f-4ee1e3642da2.FPKM.txt.gz	d2b3f9216919f12057d1a3c5920d0f0b	565206	live
04c05883-ab95-42da-81c5-2704afa89771	345cff8d-f361-4f8e-8221-9e310ffb1956.FPKM.txt.gz	7bbee4bc37e3bdbe787a74db6b122de3	584866	live
685839bf-a4f5-4e48-96f5-121d73660ae3	8170404a-1f5b-49b4-9d68-a196c57da6b2.FPKM.txt.gz	3da920eecac3e815407d853662d1b6ce	510762	live
04b16721-d9e2-48b1-8949-f30f43ca8e31	ec240723-a6d1-484c-9103-92a709dd86f1.FPKM.txt.gz	b27d20c7e995e7be3bd4c50e3dc935a3	511520	live
8483ca35-ad2c-4437-886e-4a0cd2cc9ec8	4e9f8a0e-5266-486d-91b3-a4701340b095.FPKM.txt.gz	e9979827370edfd559ba74425c9908a9	541648	live
d686bbc8-3078-403a-b7bd-13370ade119a	8bc4505b-bcb8-470a-bc52-2b8f6a4cb4ae.FPKM.txt.gz	4be127332efb546e3a150209d125031a	560259	live
b440e8f8-4994-476b-9a1d-12c42032c33c	4245d642-56a7-4b27-b74d-ba3e3535b4d8.FPKM.txt.gz	605727d5226995f09c3590fe35cc2a81	520414	live
75da57af-c6d9-4b1a-ba56-29e9fe833d7e	87ae6f80-ff00-4b44-bcfe-ef3a3c1582cb.FPKM.txt.gz	8b193120c7b98bb2009ed6dc8a015feb	562516	live
de128da6-c3ac-4049-8cba-c53ffc971baf	9e7b7456-e255-4f73-bb17-4bb981d5cd21.FPKM.txt.gz	aef960967388cf1e0bb9696b5487bad5	556804	live
fc0e5719-4929-47bd-8407-224f800414cd	0062bf7b-fcfd-4448-be8b-8c6b1bc643a6.FPKM.txt.gz	4cf37ddf5a426970c6500b1e1dcbd8e3	559810	live
e242eb86-b8b4-4b9b-acca-3ec4f80097a1	2879c545-184a-4e1e-b476-b824e2121389.FPKM.txt.gz	962dd71a8de18b9063148eb34cf8f993	557958	live
35c347b4-1a07-49e3-84f5-66af81f3294f	e68b0db1-da01-475f-aa4e-6f7f87bbc135.FPKM.txt.gz	af32699c197f3485bdbef368012e12a8	518561	live
adadde58-de3b-4cf7-908b-5057831e400e	c08817f0-fc05-44ea-8a92-8b7538ac49d8.FPKM.txt.gz	bb64bc7c1cfd100d6e173d7faaf004a6	526784	live
b6a03415-2b7c-4481-bac3-2a1b18a91941	1f443134-5a5e-492f-9f82-843280eeaa7f.FPKM.txt.gz	342d746179f9e77ca62549f89e78dbad	514859	live
c28d796b-ae1e-4f85-b131-e185f087ec74	13b5e39d-2163-4d59-9013-a1813c6a548e.FPKM.txt.gz	985aa11886f6a3698912821fe8023746	507095	live
385260b5-e329-47bc-bac1-465437c0e549	8c811805-abba-4080-a703-8d6bef165520.FPKM.txt.gz	d03e34a77b6cd5cafdd2c1f07bc9f6d8	507026	live
dbcbf260-b150-445b-a48f-d296c8bff2af	16009a5d-2149-4fa5-8e66-faac0f9f0309.FPKM.txt.gz	49a4a884469862e3bc0df4f8a74e2e46	526176	live
9eaf6e8e-45c2-4d55-b7e4-b217c43e96b3	956b383e-6fd2-492c-b907-cf7c09b06863.FPKM.txt.gz	e0111c904dc9e6ddfb9782301e82b3e6	552214	live
0dd91ad6-9c3a-4748-9a97-b2ba49689210	f9e98164-b7e5-4d58-a4ba-d6947d832088.FPKM.txt.gz	3973ff743d4d9c175fa06e623c360a2d	498592	live
d9eebbeb-0abe-4fa0-aa4f-a14f1cc6bcbe	f771854c-24cb-499a-b13c-b2fee71bcb39.FPKM.txt.gz	e88655b0c34bd424a64ea9f5b2f160f7	530899	live
0e22fc3d-b171-4224-9a62-0f62d3f42b03	acbe8040-a94b-4c8f-9a45-8f05182d9aed.FPKM.txt.gz	6fa21ba38779800ad020a5d6ed452942	528022	live
64396636-715e-4027-9d52-6c00c939363c	2ab0b465-ab62-4ef5-82b4-1aea2063292a.FPKM.txt.gz	d48aeb16bdac22e9dee2d03470d43a6a	544066	live
012fa3dc-aecb-4e7d-91d2-748a9dc540e7	a8165949-f924-4c32-8ccf-4109d2899e66.FPKM.txt.gz	efe3f7e6e655daa9404e52cf163a460b	512517	live
9c84ef71-b789-417e-bd13-fdc3c4cdf943	c4fbad39-af28-4011-86d8-ac700e3af78d.FPKM.txt.gz	4269c955d8893806ef68a9ee8976d98a	521108	live
852bff2a-d701-4856-8ee5-478d63499369	3a1ef3a4-f090-47dd-81ee-48469bc3f6ef.FPKM.txt.gz	9a6d075568ff76956fcceed40adfab98	482864	live
977470d4-ff05-4a1a-9ca7-cf1259f8b820	ae08d16e-0df4-46d5-a837-1c22d41ec11e.FPKM.txt.gz	31f0a9a771fff0aa792e3c8d33e1f40c	516139	live
8b86a99f-481c-4149-a6e9-ba9326a6cdf7	6e264598-c25a-4d37-aa61-e3042c2265be.FPKM.txt.gz	e6fc5c226b6fa9de02049af524960e26	529269	live
16b5ab0f-2a0f-4f09-95b2-81e8a18ea8a4	6a97d5c5-4178-4ced-b279-a2d5044f1fdb.FPKM.txt.gz	d24e1939abbc6c81fa077ed98d294f29	554643	live
f2922cfc-5ae9-4b8a-9540-f19593382233	dcfbb975-9b59-4afb-8735-84206200af7a.FPKM.txt.gz	75809723411bfb7f1b87e3fc4159ec60	517702	live
b6424a05-0dd3-44d0-a6fd-9a9eff9f29e5	382f821a-dcac-4f3f-a180-0af6468e9ebc.FPKM.txt.gz	9b04d15be088000d17a669dda606def7	538237	live
a3f4e28a-d709-4da1-b877-d784d7f626ae	5d065eaa-e3a8-420e-b983-c1a80e713ac9.FPKM.txt.gz	27950b2649edfb4c026bba6c2c2bea62	511077	live
15b106ef-9e42-4a5f-8452-6800f61b2f62	37759f54-5e74-48fd-87fe-630270219430.FPKM.txt.gz	3ad49b7b156f73a465f3d9c08c81e6a5	549724	live
a62b64e8-a847-4147-b1dc-09d408971c92	e28dfd98-3524-4910-8a3d-76cdd57987cf.FPKM.txt.gz	64039f5a99843031de084c2d67f5271a	558749	live
bcc120f0-5f1f-42f9-afd6-3fe750407347	c2efa14b-f441-4249-87b0-56d88d760a82.FPKM.txt.gz	b3671a812abbd1dc33f3557119d8e1f3	517676	live
b4b6904c-389e-4053-a49b-264da7cb2f4b	73516997-7254-47d2-84b5-6d81bc84c077.FPKM.txt.gz	6ec4f383b4c3463eaf5451315e7adeaf	549228	live
e97bf913-5759-4fff-bdaf-2f931b53a432	48eebb82-b27e-4e1a-b916-6d471d5869ee.FPKM.txt.gz	24acf7751af5e6f7432a33b4d41df80b	515819	live
617a82f9-1972-4f98-abf1-f0c8e95e5495	0fef447c-5f07-4299-b602-2b6b8450c6e6.FPKM.txt.gz	496ff9d141378c304e43be11a74c3b3d	527134	live
1e7ba7b7-e1bd-459e-b47d-8a9bbe5efad8	cde6e107-8870-48c2-85b9-c0f1d71bfc0e.FPKM.txt.gz	fa59a927d80ad90976de04fb447e4010	518275	live
16d167d1-9f42-4bf4-a027-8ca1dfd8f073	302a0272-01f3-41de-9107-554800d6a0c7.FPKM.txt.gz	32802e46a2805c4aa618e2cd34e075ae	508031	live
1ff2a1b5-1a26-4f76-a191-72b3a0c51124	d1c52e51-385b-44d4-b119-6ee3883017f8.FPKM.txt.gz	8d2efeeeed4b39605b8358546661ca72	504966	live
db2a133f-e0b1-43ee-b062-95ef2dd666dd	66777578-091c-48f6-a0af-81353b58304e.FPKM.txt.gz	55511527fd1098b0106e616855135bd8	522998	live
1a975c07-aee2-4e12-8824-d825c9eeac50	a4bf31ea-aae7-45d1-9728-cf40d4c4b7da.FPKM.txt.gz	4f192ae9294b639969e93f8fb3e92644	478396	live
dacb4b3a-8019-4bac-90f0-6c8c09b35671	5dc059dd-6aa0-4d5b-b447-b5be0a9021ad.FPKM.txt.gz	33989f39141d3b894ba31ab527ef649c	526537	live
d68b26b5-98f9-4c69-8075-f24e2fccfbdb	984ea13e-adc6-48f7-830d-66ce450a2ea0.FPKM.txt.gz	a62f32c6d3705c7eed4894c5c8b083b9	521574	live
bf21059e-3f60-4528-9949-bf7021757448	63554af4-f56a-49aa-9b10-710ed85ffa13.FPKM.txt.gz	581c93ba2cbf6d1671a39eaf3c032b4d	547728	live
360fd690-7871-4ebb-ad39-80d17037049f	f66dd895-d78c-4b35-8583-1a2b8464fde2.FPKM.txt.gz	3d1d413ab4e361f8daf749d2e472f1e2	545719	live
e8d962ef-a9c6-4c8d-9740-1ddbc4bce5e5	890031a1-4dae-4f7a-ad43-beacc11f4d90.FPKM.txt.gz	9a594c4ef81ca8957a160e1f85d41a61	509020	live
67143092-da0e-4601-87a5-9e71c46179ca	13fe6d54-192b-4e93-92a8-02ab20e589ed.FPKM.txt.gz	65f1d940fe7a83db32809f653ca6e932	508581	live
9e90a2ee-0f04-4f6b-a53a-e21ae6b7abd0	f577a186-ffc6-402d-9525-0aca8eee4de4.FPKM.txt.gz	1a6ed745c0af4dd08d3fefc3266ec3c1	457984	live
485f4ece-d8de-4d18-944c-c5cb410c7240	0afa874c-af86-47d8-8757-0679af6804a9.FPKM.txt.gz	afa4e8a48c15ed90812a951f6fd80b14	528154	live
45ddf22e-1730-4031-bb61-f167000ff1a6	26dcc91b-b7d5-47c1-8135-e5ab4f4e4be5.FPKM.txt.gz	af111caa19bb16ae9547d91b30914a79	526120	live
9172d48b-2cbe-47f8-9f5e-c00bd8b17ecb	675bba8c-4d4e-4e8c-b9bb-bcdc13b606e4.FPKM.txt.gz	3066fe720a7bca6578f592721b88c95c	531533	live
483724f4-450c-4472-89b1-0252c85bd372	de01576d-54fd-453b-8e13-735d8936b171.FPKM.txt.gz	492b504bedfeace7ebbd80ddd40844f0	518892	live
925afa30-7dce-4713-a277-ea4ebd1e5b4b	875c4c80-bbe2-4ab7-b276-adc8ecaa987c.FPKM.txt.gz	262ce077c1b7bb7cc228b1bda3c72fba	515859	live
1cae1a8a-6f86-4813-8ed8-3573bf6e5677	1d5e8f90-0bfc-4a01-b988-925f3c0ec1cf.FPKM.txt.gz	468259c37d785052990ed2cd202de8a9	573877	live
d14565f4-c57a-4063-850c-923b86ddd3a2	3a8bb200-5964-4ae2-a656-c1dc40c29d71.FPKM.txt.gz	ff02f4cff4f40b4ab282a58ceb00fda2	519590	live
1f68e0a7-2f1f-4130-aaa2-5404fbb9475d	c6dbc122-4220-4c6c-bf36-69ff371c5549.FPKM.txt.gz	deb5cebea507cf9f94c9a52452f91c08	542176	live
4fd34e9b-70ce-44dd-a1cf-9e699c224479	2a659746-7292-4590-add0-c5915e513a7a.FPKM.txt.gz	7b17af4c4e3a75e852887542cee0fe4b	536649	live
aa83448a-4056-4c5d-a4ac-b93e1eacc17f	c0e81984-36e8-4b4d-8ee9-3cef760ae6c2.FPKM.txt.gz	f527c613c3a3923825b7004e7dbaf47f	521214	live
8ad5cc42-01a5-423f-8cb2-2e95591a3454	aa0e4550-bfd3-4258-b5cb-9abe2de4a3e7.FPKM.txt.gz	1b26a6feca8cc38b6c55386a18023e44	517320	live
5ffdf5c7-9cf6-4bff-9268-056efcfcd726	68ef4372-517a-443f-91fe-668feb24beee.FPKM.txt.gz	b9a77d746e576b7094d041563ecc82e2	499667	live
05914020-4fc0-42a8-966f-ff437ea7d79c	a6786f3b-caf0-4e1f-9711-1479b1ae0fdf.FPKM.txt.gz	634bf5964ca1a16732d845b58321556e	510955	live
17a23573-d2ff-4c42-b5c2-5127e5946992	3b832dcb-860c-4137-8406-d338bd421bcd.FPKM.txt.gz	db68327eb15f0af1a576cacf5e65381c	537177	live
ab3920aa-29e6-46b4-accc-85725f46ebed	1d5e00c4-5c82-4035-8304-841ba81c61fd.FPKM.txt.gz	66ba8d9e6f4e88dfe3ce474d5ea0df9f	536519	live
1e9d06e2-b8b1-4795-938f-8c4aa6dda1e6	b1f1481f-9572-4460-bc2e-7646b454f488.FPKM.txt.gz	77d229378bdbf8ea180281b698255635	519014	live
ac60d7b4-3562-4cb9-a2c1-e656ac549fd6	b2842754-010e-4f64-905d-89ef3eab3dc9.FPKM.txt.gz	729e74972ebf86e8ece7bb1ac7ca4829	569503	live
955aa0b9-c1c8-4f9e-b946-a08eff0a2bd9	175e2233-28a0-47c7-b395-19dd033b79d8.FPKM.txt.gz	89b3c7065db3476e9274fe89b2670518	527455	live
e805cb50-3fca-463f-a0d4-204de80eff49	76b4e454-8b75-449b-98cc-3c41c5e063a3.FPKM.txt.gz	126b1568a05baa637b69e288837cf2ad	524239	live
5c633ee2-99c8-443c-8d46-dd911108c15d	372456ca-f3d1-4134-8a9b-78cae87897fc.FPKM.txt.gz	0ad1da8b295e28bd2d1bea264bd652e4	499825	live
f70de6c4-bd4e-4bef-a4c2-0ea5980c43c4	0af9ed7c-6508-4988-a2d2-66806cf14c95.FPKM.txt.gz	221045bef3c555028f3cc92bbf03349d	520703	live
b68d3d99-1835-4ae4-bb96-00df753ec414	5aebac9e-80ba-48bb-aedf-752196a1861a.FPKM.txt.gz	981fe3c7f0c00a978cf61a82d0e7bedc	528515	live
76e12e0c-f5b9-437d-acb9-b20fb50be140	3f4c303e-97a4-4171-b389-0d8dfce24aa7.FPKM.txt.gz	84f808b2ae6f8b77d511fcb6626698b7	528565	live
32140954-78fe-47b7-96e4-1f180b15788b	f9b34a21-993b-4eb7-a383-5cd41cd56ab9.FPKM.txt.gz	3fcd55bc41fe34b91f406b0f39b434ad	559191	live
a186d8e6-27c4-4dc1-8337-2d733ea931f5	298d4abf-31eb-4155-904a-1b8f4fea371d.FPKM.txt.gz	b0af2ed54d9d0f18cd0934ca5b4f2a0e	549091	live
5867d1c0-5342-46a0-b32b-45ab358de90e	a85824a2-de8d-4c52-942f-d8af5fe92ea9.FPKM.txt.gz	5a0046eba1a599797a5315706298d1aa	501792	live
2a7b4352-f5fb-49d4-b467-4efdf7c73199	bef7c254-c614-4472-929a-e765e3014180.FPKM.txt.gz	81e229262a6a75a8b5583ef321f22008	511676	live
211cd1be-f909-4c2a-b549-c61dd88bbec8	26a6f9a8-7fb5-4a18-bebb-bdb9ad451116.FPKM.txt.gz	e621e19c28b56a34be247279ce53e519	520839	live
edc3e94b-7f73-4e8b-8e9d-36753f99de12	2e5095b6-5f89-4b79-abfa-0afe326801ef.FPKM.txt.gz	54e1235be2d26a8155da5e500e7609b1	509414	live
d67609bd-9929-4a9f-abbd-b1de4677ec10	b1fc4b98-8e85-442e-9204-d4e5dd4e6bc5.FPKM.txt.gz	f94af523669f1d13e068a7f1107d7dfc	542643	live
5f7a41b4-4415-4139-9158-ad70621ca19f	32a5a64b-7150-461d-859c-c40c6e92ba4b.FPKM.txt.gz	944263060b72cc7c90974c0522b6a1fd	500222	live
4f7e55b3-a633-44e6-9095-1852ab94029b	8cb43c50-4ce9-4707-9dfa-cc5ed66a6b61.FPKM.txt.gz	9ed4470e6e4d0cc2ab5781ac3b6ec47f	524731	live
7f0d934d-8638-46bf-8ac3-b2b9d8d6db05	0ade05fe-5f98-477d-b7fa-c56ea93247cf.FPKM.txt.gz	ce89928ae7226a4737382c2341749d5b	508691	live
78002831-4b4d-44f1-af07-a1dee0501182	6d221ee7-2444-464e-9782-e83df2e203fa.FPKM.txt.gz	c648d1309d061cecac685ec5a34acd1a	578932	live
59b3eedc-0abd-41dd-a4bc-99301c38753d	e23540e1-f329-4908-a42e-269dd9a87947.FPKM.txt.gz	7468af6a75112950e95a070024543d74	548160	live
cb5875cf-1f7a-4031-873e-31b96f4c2c47	1d443e1f-794b-45bb-ae6f-91f57d5fca33.FPKM.txt.gz	6c26715f7cabccb494a3489de4b8d051	515351	live
40906c3f-1ebe-4eb6-b48e-fdf33a290a53	8d2f4be9-4885-4a75-991e-286a2f9223c2.FPKM.txt.gz	ed297e124196c02eceb6d96a6355bbcb	524031	live
3b6c1130-7255-45bd-99d4-4c9d567f7c35	d1e05707-3af4-469b-88ee-b37a7b91173f.FPKM.txt.gz	a99e2cc53efef59f8c9ba417b46d76de	543151	live
8708ef79-9810-4d83-b139-ee5e32d83c79	1d619122-94f2-4ced-81a3-475b6a510c3c.FPKM.txt.gz	6b184ec76a73ca4b9d24f6f4567c50eb	521091	live
aa08fac3-6b79-42de-a26c-9eeedc5a6bca	8a5ed889-bb3d-47a2-bd2a-0a1d139a3809.FPKM.txt.gz	b9d1c3c37f849affaa3b0d001adc6c37	539543	live
a9245cf0-c723-4e38-a167-65da4d229bf6	e1c0a5ef-a95e-41c8-9c03-60cb6b767709.FPKM.txt.gz	2bc87115e28ea0b5b7a168de10942b76	542249	live
ba2c5297-d809-42f9-8170-9d0a58ddff70	73461d68-f3c8-4a5f-86e1-44f6f4218ba2.FPKM.txt.gz	66b493fba05f50e55d8d61bfd7df2bd7	510431	live
7eb5ba95-4bb4-4a07-be2e-6242378fd7e7	c2bbbb93-eb63-4e5e-bea6-202311071937.FPKM.txt.gz	3f63b822b153e67edc242609c0c78531	526411	live
6b55980d-233c-436c-bc0f-e84d33f2865b	275f4377-31b7-436f-bded-1928c2b4f8e1.FPKM.txt.gz	ac311b3fccbdddac0e3c317d760db8e4	567164	live
218879c6-1632-4ba7-9291-8546425c2737	7c9774cf-1a6b-4c25-a280-8b632afdf8c5.FPKM.txt.gz	35dbfc6641c0cbbeedb7b7376004417b	505570	live
c8ccec86-91f2-48f4-9a45-75c6e8bd5a10	6993764a-2359-4e76-a325-b040e97648d3.FPKM.txt.gz	13d1ba62b8678d17b2cd33dd91ae3a9f	567455	live
462eda52-b4bc-4057-9272-513b72c83f2c	ab461441-1f45-4ae5-b5da-ebb58817f75c.FPKM.txt.gz	6f4defa9295b05ccf8e43a055b242f62	544405	live
1beffe7d-8d35-439e-8e1c-4b1f35dd9ebb	d1c88616-a6ba-4865-9cf7-deebbafa4924.FPKM.txt.gz	78f062c6ef98ad5c381750caf1fc9aad	528894	live
8273afc4-de47-41bf-b3f2-789e2055a144	4760aebd-9599-4cfa-9b56-50bd7ffb87cd.FPKM.txt.gz	7a0d24b0ecaeea874ebe2ff653435873	518053	live
ed3b6941-d8c5-40d4-a8dd-310adc1819af	14ce8586-4131-4f56-b516-f640986ba95d.FPKM.txt.gz	cd53a152c3fb3b7891956074a57d80a5	550628	live
8568cd6b-f21e-4e98-a120-d841e8aee194	b32f0495-0e52-4bed-b795-5f7270960561.FPKM.txt.gz	5099ff0db123b180a317d2cb2bc16522	535964	live
844e6eaf-4a81-405f-b489-c170a7023b95	89528cea-b21b-4ea8-a271-3d3f3ff142c9.FPKM.txt.gz	6f33547a24ce6a03f2becf6079c51128	532298	live
3728ff02-bd6c-46c2-b16f-20355f54a9c5	e9d0a954-7b2d-42c1-a2e1-799a289cc5af.FPKM.txt.gz	d38dbd60d748fa2ca583057a329d38b6	513154	live
db7afdd8-5440-41dd-a727-ba230997a756	61164db7-6b71-4a35-a799-8abcfb5ce4b0.FPKM.txt.gz	91198d91ae040e33325bba601472d6f9	503371	live
8b8af289-056d-4099-afc5-e4fbbdb08b0b	ffcebcae-607d-4a4c-bb0e-6eda3ec5ac25.FPKM.txt.gz	b9685c6270cfa50c9f8106ceb909843d	513347	live
9808f9d2-3aea-4289-a5c3-73936b214b65	ee63ce5d-eeb2-4249-b1d5-2d0b677f77e6.FPKM.txt.gz	f33ce219189ff6f173acddde4a2ed87e	532801	live
472973b1-7bdc-4ca2-92eb-9ac3a6756aa1	df6c9ff4-db5f-42c9-a98e-91d2f4f14ee6.FPKM.txt.gz	6b589da257bcccb22f51dc8c3f44d14e	523804	live
c1fb55af-6235-4669-9fc5-e58d80b8ddb4	00c12b3c-61c9-4d02-bd7e-2067f9a5f5c0.FPKM.txt.gz	1586bda1e7abbcc55054f01398937ccd	561808	live
b4e02e91-8748-4b6a-a9c1-249e95263c21	67a59704-20de-482b-b65d-57b7e0160535.FPKM.txt.gz	2349c68e278a4aed16b83dcc3342777d	536553	live
7e8efe7d-f0b1-4398-8dcc-a2200d2be8c0	0a8119d4-31b0-4c02-8fc8-318077456790.FPKM.txt.gz	b0d292ad1663adb12f6a260c3518f37b	526896	live
03681aee-cdf6-4534-b61d-f8780603d040	e7f07f98-8dbf-4884-8d45-318671c15c98.FPKM.txt.gz	c03695a199fb6aadf56785b2289694bb	533726	live
6cd21ef3-d1f1-49d0-a950-85b4aaf7628c	ace931f9-743c-4699-9198-2a93bf20b6aa.FPKM.txt.gz	2b990b812c19548378b3be906c18f702	563925	live
678e64e4-891b-4413-9024-8179cafcbf12	a44076d3-e44f-4668-b088-80a55f1d5ec8.FPKM.txt.gz	ba52f6455a0d3f630a46ceb80c497c59	514163	live
ffdbc4fc-a2bf-4cce-8a2b-ceedb3cb1e92	3e8ab945-629e-4a63-ac39-c1b78392e5b7.FPKM.txt.gz	50e5489b61199550149fed47f6d3cf77	519602	live
3d642403-ff27-4c1d-a242-3a95b53db13a	227d9c16-4459-44ea-af9a-ca89d6e052e9.FPKM.txt.gz	f59e8554f9c0059d6c6dcd2ae0ed9510	544941	live
b9bd3b0c-9275-475b-9755-0d44b7e47244	402c906c-8229-4169-b324-b990caf0d8c0.FPKM.txt.gz	238b4fa2bc2bf98846f04e5e87bd6264	569238	live
813ebf37-f605-4d81-b5a4-3134d227d83e	345d3200-a399-4eca-b48f-2beeb1689a8a.FPKM.txt.gz	57d42f8004495d62b1541257c3b3ac3f	560130	live
67376803-9eda-4a80-9316-791b731e3d3c	a2225f76-3b17-494d-81b6-5c68b73150ff.FPKM.txt.gz	48a189a037431eb1a0dab4e5f04c9826	516894	live
e489c76e-d4d6-4484-9536-20197477eb4c	3e124db2-ed81-4d69-a673-a23095919d1b.FPKM.txt.gz	c52f1fc7f92d3bc01cbd6fcc8a68a390	519613	live
fbd9c6c1-8d76-44c7-a120-a46c4f037f62	5e34aa02-ef95-47e8-8dc1-7fdbbb9c883c.FPKM.txt.gz	930b3e4c953652e567e17cac8dfe5e72	522777	live
8a883391-d574-462d-abc0-ce7b5cd7e9f6	f1af54f4-3006-4136-b0db-aec16e2075ec.FPKM.txt.gz	c442f3c68e5abff640d03383283e5d3f	561803	live
5c938a09-8be2-496e-97db-0f7ebc4349bc	d3f73c0f-d518-4e91-b038-a4360495ee27.FPKM.txt.gz	4962adb854077bb253a7184767a66226	540622	live
1e6ee3f9-7714-4124-86c4-ab6314e0ca20	a87961f7-7a05-4248-a683-7047af4ea194.FPKM.txt.gz	f59d7ef8e6f32b19760645b999f27d36	491851	live
687531a0-e2ab-49c4-a97b-95e4a6f9ec6f	6a0f01a5-152a-494e-aef3-45e58c875a64.FPKM.txt.gz	9ecbf88653d2977a2ba1c55d14844bac	541248	live
52900030-d17d-429c-abdb-9018f21e68eb	eff473b1-657a-4004-bbf8-c48f948e4e7d.FPKM.txt.gz	27c15e3bd50ad346332752cb014a2714	530103	live
79e96cbd-e409-4f8d-82d9-7915df1f5528	d9c7a1f7-f303-4617-b46c-2003e871095b.FPKM.txt.gz	e613068268c1008dd06a5e8ad86fd1b8	530863	live
b8503505-1054-42a6-b9b5-2050d6dff555	c9c0f778-3b0c-44a2-b182-1959a79972c2.FPKM.txt.gz	81f09ce9efb8adc6aecc2b635ab00065	561576	live
11374210-13db-4051-92ed-8f86f841d977	bd77428f-6994-415d-ad14-a6e7676b343a.FPKM.txt.gz	be99716cdd6a00aa251174e3dce7ccf1	508124	live
c1818a98-e06b-43b1-ab02-835b74ba8558	7223f19a-017e-465b-b81b-bed54252c6b0.FPKM.txt.gz	cedb4bf8a64cf05299edffbfc797ff64	505876	live
1919c548-5aec-4be2-9558-b0ba11c193ce	d72fd13a-564a-4a11-9ced-8c891c91bfb8.FPKM.txt.gz	14dfdaaebbd20f2f78c83985a86fe0c9	570461	live
347d515e-d41a-494b-aae8-6ed3c56d4caa	ce4e2cee-4331-44bb-af7d-69fa303a8776.FPKM.txt.gz	56c5924ce6de95da810c81a38de7098f	522388	live
f17a2f0e-eb41-46a6-a8d4-4e595598a4c5	299d62a1-2235-411e-af1c-e9c32414d350.FPKM.txt.gz	83a2da4e9801af1398f5a84308d736d1	517626	live
ebba8b1b-0470-43e4-9c79-134b96ad1385	80b47148-4783-43bb-9f61-570cb5f0202a.FPKM.txt.gz	80a6c641b031add4e5b933cd6b311ee4	515393	live
4b9571f1-58fa-4432-8816-1b11c9cbef1f	1e69236e-5526-4bf1-8de5-35d50a71f227.FPKM.txt.gz	180e85dd961b453b7b20d386e805b70c	512199	live
ad2e7d94-0f5d-476c-a224-9f506fc50cd4	be68c6d8-3f37-4080-8ac7-4032756d071d.FPKM.txt.gz	6f94ff1964f129cb76b9ed62dc6a03b2	503292	live
e4ee2126-d749-4795-9abe-84266bced916	c649047a-3991-4eb0-847d-07cee766fcc2.FPKM.txt.gz	93624dc73b6111fa2d8eec3314491245	518572	live
a3ea6d6c-ee81-434d-a425-197f033a062c	0048d446-301b-4d04-97d2-1348b6889692.FPKM.txt.gz	79225496030eb1e65cea451ac5bb1089	535646	live
459ed3e5-fd51-4928-a411-ecb69a17b428	c2e72857-11fb-4663-bf9a-bd2089d070fe.FPKM.txt.gz	a1c673cbb6d97ba2ac526e79d5057359	575234	live
7c6ec527-3c69-4eee-aa57-83505bb86bfc	37a2db43-317f-475b-8379-960202fba684.FPKM.txt.gz	e27158a44d07880648688a70faa8f589	513437	live
af66a224-56ef-4391-aa33-e7957fcc91a7	b421429a-e4fa-4894-9cdb-6f343cf4fabd.FPKM.txt.gz	44f8f2a58aff5185a768765e40a4e425	516051	live
feabf748-0e7e-4f92-871e-2f940bd4a3f7	677fb228-6830-4402-9eda-c4a0e975c189.FPKM.txt.gz	31d9bc94a7bd9ecb6058b45445882765	532592	live
8c9f4c3f-0117-4a25-8803-2d8823f23518	2fcd467f-4ea2-4712-ad16-217e05b135b1.FPKM.txt.gz	abfc3632bca2eff5128830271899a5cb	507009	live
797664c0-9b06-4dfa-940f-5f5fe0c72697	679e7bab-b24d-415e-a341-da3955e8d47a.FPKM.txt.gz	0cd535fc49b3523c9b565d03fa1a21d1	528299	live
b1683d16-0f18-4d9f-bf3e-91206d8fb47f	777d1602-66be-4673-b69d-d651abf7bb35.FPKM.txt.gz	082cbb3604f10580307ed03e4174be4b	534068	live
5bb651cc-f494-4245-9f0f-2edc1e96d665	22d2db8e-f923-4006-baa6-249bccebd08e.FPKM.txt.gz	5d1f33c6008ca94e7fd100b3ca95c757	557023	live
b6b2bfa2-943f-4b71-abf6-ed53470e9bb6	b25e8317-280f-4d1d-a65f-67bb2a20268d.FPKM.txt.gz	501ec8afbf0faad0bec24d9be6d9d04c	575690	live
739e7276-2a55-4807-9c43-5906d94f2899	188c9f08-978b-4e15-bc70-b0c6e9563e3d.FPKM.txt.gz	9e32af93d8532f1a2203e89044c19e70	531236	live
5fb9ad70-f361-4e25-bab1-eb9086b5b9e1	d493f215-ef46-4631-8687-95bf16692e3c.FPKM.txt.gz	8601b97eb46af2bbcdc6d39c0ebadd31	534769	live
79e2945b-0d49-4e19-b122-2ba354a1e136	d03e50bd-6a01-4df5-835d-443bc87b8520.FPKM.txt.gz	54644eca1053c8e6cf18ec60cc811265	526048	live
09488de6-5525-4f6e-bc86-8856409f6933	21afb538-3284-4897-ae1b-ea53a3209920.FPKM.txt.gz	19de93b30c677ddc967dc9442d400f83	526282	live
8047442c-af69-4e51-8088-0557f4cc102a	e4b1ed66-ee93-4b3f-922f-f386412247ec.FPKM.txt.gz	6cbf107099b6711321744df92024b7e5	506626	live
e63ebc9c-5e7d-4373-9bd7-1ec88cff9803	fddf0083-59bd-4352-8e3d-7e5715f6d5b0.FPKM.txt.gz	d67a88a8a21a0e3f0d3a982ae6f67a05	530770	live
c5cf21f4-247a-458f-8fcd-686b31f0bc89	7563ddfe-268f-4df2-a502-dc2284d8a02b.FPKM.txt.gz	bd480f803e7dd3440fe13b272d610178	511298	live
9e24501d-31ba-4857-af30-920b9c9565de	e52ea781-07b0-408d-92c0-c87f5725159d.FPKM.txt.gz	d44dc84a140fa0f35ec1e3ac3bdca681	515160	live
d7e2b085-7070-4f19-9062-707937e2d20b	6aa7ae56-0370-41a9-9286-d4795e06cf5a.FPKM.txt.gz	5cdb7bb06dc46ce7065b1127deb71a27	520259	live
668388a6-9345-432b-a45f-cddfbac8c426	07ef65b6-3ad2-4e51-809f-738283978aba.FPKM.txt.gz	a74dfefadcfed8cf13cf8ba1968a073e	523666	live
e443f994-90f1-407f-b80d-2e3dac7672f5	16a68a25-25ca-4382-aa32-14f1428ac05c.FPKM.txt.gz	3d571b069e1314ca3355151bef573a1b	540600	live
f48cd1e2-98e2-49d4-9ed0-f327e58b6844	0b2cf05d-1d12-4fcf-898f-3e9e90b97dda.FPKM.txt.gz	ef541a24b1e16049be285e66a86aae51	569416	live
d734d1ce-dc81-4b24-bb37-1c298ec7a297	a86ebddd-ebf1-4e14-89ec-de8b0dac02ff.FPKM.txt.gz	da84f3e8a0f63629696b36374e088d16	531668	live
6f85f46a-0b68-4f9d-8839-891ce4e98669	cc36843b-e6af-4a45-a525-0dd34dd115fb.FPKM.txt.gz	ec2a34acb7d35f751b19b95ff16facff	520433	live
84af30a6-428f-4f0d-9396-f8f21cf7df9d	d8d4c3ae-74b5-4069-bac3-2722f224ffe8.FPKM.txt.gz	d7b350554f9d1093ec2539c9f19cf75c	497956	live
283384b4-b0a3-4ac4-aaeb-e9b4b65d262b	5a32f784-3eb3-4b15-9ce6-1cba8164e812.FPKM.txt.gz	e16c9d4f6805041b47d791123923a321	533337	live
f65feaca-f14a-40e0-be84-a72e4f845692	14a46052-6b89-4fb0-bc9c-08d232219ab7.FPKM.txt.gz	fee9b76a3c3cd434c4f64728d4ff69b8	505023	live
ee9a86ba-c7df-43ba-8e39-65d7ca73b2c5	543d90e4-9064-47c2-a68d-fb123f627977.FPKM.txt.gz	4cf8eace6e23e398d92ccdf89930c780	549615	live
8676d0ca-8bf3-4ebd-a3db-3a79dec95a8b	13352bd8-ba40-4ea5-a23e-9aa538291ba8.FPKM.txt.gz	aaad515e3f7672dba2f53af20304c0b0	531604	live
145b6f74-68a0-489b-a306-8b5dda6ee0e0	d9c6f1ad-5c45-4831-b152-ad05648104eb.FPKM.txt.gz	cab1674fff2f2e517e0f1b318046bfc9	537097	live
aa7770a2-6fbb-4693-8378-3b5de332deca	3704029d-0bb1-40b5-b666-610174d521c2.FPKM.txt.gz	2652be8ff53a0ea6e8b9a7866a0d35f0	530338	live
bc89a4d3-7d14-4251-b884-cac4f94dc26c	bb216d3b-cacc-46df-89d6-455a5831a8f0.FPKM.txt.gz	3aba76c002b7164bef727e37e0aee950	523637	live
6b71d4e9-c1b9-4e40-bba6-97a8175f13f5	bdc00e8a-cff2-4281-8762-12c4470fc23d.FPKM.txt.gz	bda4915d81b6d0c740792343b13cd6c0	556079	live
5605652b-e514-456b-ab54-9ad13c732de9	08e381b6-7100-4628-8ae7-ecdf42827902.FPKM.txt.gz	bee28329548330400f90bf2f1a020ffa	527073	live
2f49f069-ae43-44ca-9b69-6aef8b41820d	692302e6-386a-43ff-8792-cb84a07896ce.FPKM.txt.gz	e03af123df96638b2a455037cc1b59ea	548788	live
eea79d37-468a-44c4-bb06-f758753b96a4	22ec8ef1-957b-468e-b101-a9e088f86338.FPKM.txt.gz	3422057d466f2e3bdcb4592a84bbfdad	531562	live
dfe9808b-8a0e-4645-9407-3e264f839043	45b50712-c8b3-4f01-9802-a4f30d233d19.FPKM.txt.gz	67e2038e82250560f8d586128545d698	512661	live
1ca25e63-436a-4b8c-a9f0-2e7af79339b5	401e568d-f69a-4b06-92f7-3441004b5438.FPKM.txt.gz	0361305e5caf68e84b82f197c469536d	536130	live
4dc6159c-8819-4112-8025-2ddf7bb3cbc6	a7cbe257-b699-4363-94ce-a65ec0b5b85f.FPKM.txt.gz	7f851032d96d8e79e43d87b423d5925e	539688	live
77cac795-2c4f-4885-9c99-c133cff0e2e5	31dd0805-728c-4e1e-8ef9-eaf304f91852.FPKM.txt.gz	7083cfe9a0ead321d45367d55e586648	519012	live
c05f983d-fa16-45b0-825d-ee0d87d331ea	a60560b3-962b-4155-8aa5-46c8a5aaf9fa.FPKM.txt.gz	367ffab5ff1ef0fc1b66a017b598cbb5	521073	live
499222c5-7006-4ca8-a126-f6fa1451f2d5	3251fab1-8a05-4a78-98f5-0771528310bf.FPKM.txt.gz	9d7cfac019ac3905d04d412f09565ec9	523100	live
8dce803b-ba3b-4f7c-a460-25ff7cef0798	9af07569-4904-4354-8554-a53951d991d5.FPKM.txt.gz	a338146af6f4d1ab07c79e31d0059e9a	549107	live
eb4c1a59-7923-4089-87b7-39fc2e093a12	91f4add6-50e3-48a0-b332-2946389309db.FPKM.txt.gz	8848c8549fdb28acf37cbde84b74d111	521121	live
e095c9ff-094e-45c7-9bff-0283e6632516	7951757a-ae69-49be-a6d4-fd0b123c7665.FPKM.txt.gz	7db610c03b417a6840b8b5a3c1bf5e72	522372	live
be9a1d46-2413-484d-9c4f-1d5e1a32168e	2c16cd9b-3898-4808-b88f-d22a1bea6e8e.FPKM.txt.gz	467bdf5adfa9603f68fc5d15ed0a22d3	508833	live
2f46b4e1-33cb-4894-929f-f026411864d4	45ca61f5-eb78-4bd3-af3a-9847ac6e1a14.FPKM.txt.gz	0d4363d64f781fce84dd6517e2baecc8	528445	live
57205e58-0d0a-4c9c-9818-8112697b3569	b0b535b6-6600-4d7c-a22e-46b8478fe651.FPKM.txt.gz	76ae3119e2a86187be7699f877cf13ec	514227	live
208df75d-388b-4aba-8456-04fb506785cb	98d62da5-20c1-412a-a75b-9e004574b7ee.FPKM.txt.gz	bbebe6c5b38f0cf98455b97a4acd5bd3	468253	live
994d7b5d-e06c-440c-8249-d3428533294a	1006434c-1c1b-47a3-bbf0-8d331d8e1722.FPKM.txt.gz	9b61e00ccc9120e7f5f923b269c5ce0a	541881	live
21f415b9-dc09-421a-9745-fa7caf96956f	59374379-2da1-4265-b1eb-884a11cff8ba.FPKM.txt.gz	b7913db63aec0be8b3d1a6debfbc0280	512087	live
de7ce6c8-3855-4ef0-bf32-ad878f3c9f16	0b490510-ec4d-4e10-ad98-c378e9332a6d.FPKM.txt.gz	08050b5e00d9cf01b5ebf7e34adeab6b	556225	live
37fb9892-bba0-4410-aa01-cf832677bfa6	02b3ab24-8d8e-40b4-b0a5-d69aa69e0a6f.FPKM.txt.gz	6246dc8acd0372eac56cf4cb1266b197	537920	live
0d1c99d5-d871-4e5e-a9e4-b744105c43ea	f83b0459-e485-4988-bdce-5a217b454d8b.FPKM.txt.gz	9a40fd97e6357f1d7f0a50e48e9a64a1	525940	live
b7d21450-8f05-436a-b3a7-b9a868a517cd	38096336-4257-481c-b653-91804af5b2a1.FPKM.txt.gz	11a7198dee429886d9911812018ffaad	528740	live
a60c7fdb-b995-4cd5-bd7f-c2c288220d45	1a2ef4d2-9a08-4b17-9c93-22c0b0456df1.FPKM.txt.gz	76f0affa8f96166e027cb0cb0398d2ab	582187	live
a762c20a-11b4-4766-8027-c4e71ec4fe58	22a4a58f-b03a-49f7-bcc0-e387be0e651c.FPKM.txt.gz	81ed69792f243107573a12f6950dbc30	516395	live
fba77c61-6aaf-421d-aad6-95f52b5da744	206653c0-7dd7-488e-8219-4abfa4279704.FPKM.txt.gz	497a9d90a8844edb7ca125bf7dfa1dcc	501643	live
d3ee5084-5dc6-4a75-822a-861152328dbb	b242bb76-202f-415b-8710-14ffcaf61a4c.FPKM.txt.gz	d1d5561822cf23dc1b42ea1f1fbf3fdb	549909	live
d2c258c8-83d9-4102-a817-7430b47620a6	b60bae63-d05c-44f5-9551-bb6cc40c1011.FPKM.txt.gz	13a27520c7c1fc883e4dba8c68d0ebaf	551254	live
460b552d-33d9-476f-a346-6957b3c1bd18	7386bdff-7f78-46b5-afd3-d75a19f1a0ce.FPKM.txt.gz	887d25481bbe9c9415769f3bb60480a3	523021	live
033a3728-a55c-4d7b-bffb-dd4990684f38	a73b7250-3437-4279-b3e1-1add31d7b3fc.FPKM.txt.gz	abd2f05b7d29a10b45efb0b3db42c32b	532609	live
20bd44e6-2a62-4b5c-bf90-128174ff59af	576dfeab-3d42-4c3d-be8f-10279e800cfb.FPKM.txt.gz	816b96af419d4c0a4b06c753b3ded66a	517888	live
e995a26a-136d-4738-bf3d-f83b5d485610	5c389a62-c076-421d-9b55-03a6a44a7f32.FPKM.txt.gz	e9d4c137e84ebd7f48c1ae7b593bb678	559739	live
68bab4a6-cba0-452a-9bb9-781ff02f929a	f2d9774f-f42b-4c02-9dc2-0d91a577d0f4.FPKM.txt.gz	8f8f442a6608f780df5f48e9c775f866	515076	live
6a293910-936c-4e97-9099-b625e6b2708d	f3931125-95ce-4c67-be63-edc11068cffe.FPKM.txt.gz	1c6e2d19c255f874ed6e8279dd281007	550024	live
0334c93d-da3a-4ee1-a63c-59d308ffceec	67de4131-2f71-415f-bac1-33bc14f6438e.FPKM.txt.gz	a98e6af539ef717da4f74bc78f53a916	547852	live
ec1c40a3-24a1-41f1-ba22-3e90b82e378f	135ce95c-79ae-43d0-83d9-a435c2974267.FPKM.txt.gz	865dbb097886801d7ac17f86eb877176	500923	live
85fcf84c-7dab-4d8d-8a83-ed88f932b93c	4dbc0492-036f-470c-800d-03b82a81d10d.FPKM.txt.gz	031e54070af7a544c62c109cbbf28388	545765	live
f936cf51-a572-46d2-aec7-fdcde17f6797	8f16590f-2437-4c68-a2bd-8406b08198ef.FPKM.txt.gz	acc6d41f72fb60968fd699567fecc992	528195	live
c8205454-7f39-4a84-8ba0-734aeb73823d	84400ad5-cd37-4a94-a143-5c470599d1ce.FPKM.txt.gz	49788f452eef9b93b8be38c9ee0aa0ff	528533	live
1b53744b-cd36-4d87-858b-df653090c9cc	f71ca4cb-1677-41cd-aec1-cd2702fb840e.FPKM.txt.gz	29bcb57adda4a8e3089bbfe99856b7bd	522844	live
4d28f93e-680a-40f6-83d7-1d9dc5ca0bc8	5e879f5e-3253-48fb-906f-0c36c3abe5f0.FPKM.txt.gz	7ca5426e6b35af8767ee17f90f073f24	512727	live
253f8cd0-2fde-4831-83c6-6e7c5ef621f1	faeef296-5731-4095-b617-18a19e419b3f.FPKM.txt.gz	dafcc23e938f293028772eb600444dbd	567107	live
287540f3-f1d5-4d46-8d8d-95f0ba8939c5	b1dc114e-a2f2-4da7-8fda-ef83339eaaea.FPKM.txt.gz	b019e6e21f2f82a3620a733202f65c9a	520454	live
b281862d-ded8-46e6-8a40-0d6fdc7aa54d	3582b129-85dc-49f5-bcfb-bc409ab90080.FPKM.txt.gz	8d9beca62605b30673d8284fb864c639	522098	live
b2a3271f-7f95-4a0f-b5cd-593deab8999c	5dddcbc8-e340-4c24-96eb-6fa7ff9d757a.FPKM.txt.gz	74a150f86da1d63faa1e98460a1a5085	551791	live
c31a7519-9917-4d06-abf8-210b3147a1fd	6fe662c3-c2c3-4c70-9f77-5061cea46203.FPKM.txt.gz	a4a21b1625f6c392d65df6969e613ce4	517393	live
d58ed074-1c37-4b3c-9d1f-4479f9655d5f	3645a77a-a0da-4385-b02d-4e52fbe33df0.FPKM.txt.gz	4d475fd8ca5c952b0cd92e8adcbef4e3	520200	live
994b3d20-241d-4f0c-b6ee-9a292a742be4	c54adb79-67e1-4dc2-bf30-a947b688460f.FPKM.txt.gz	a42a919386f6163e3c96d5818a1438d4	522406	live
37a48f1d-3cf6-4981-bef2-f08992b730d6	60ab519a-f3c5-422d-9c2c-6876c2cd9687.FPKM.txt.gz	c81c3d719d9af06277a1c7bd2439c400	513142	live
b6250f46-b43c-4ee9-9970-30e345812025	8d39e856-f93f-4eab-90ef-1e924b059fee.FPKM.txt.gz	ad0869686e7624b5b7676bcec2718cfd	517109	live
1ec1844e-edb3-49e5-9271-8a2635919969	20c7b2e7-5c7d-412b-af35-915629730b9f.FPKM.txt.gz	378cddbf0bd412be24fac932d9351766	523478	live
7df1450c-28eb-4eec-8900-35f63dbb773d	3e5cd7b6-1f38-4ca3-a391-414b817a2203.FPKM.txt.gz	2a4027a307098f9b80ed83fe869f3c6d	532565	live
3621121d-44b2-4770-8189-bd91067b6862	6f141f5b-bf1e-4b4b-8a9e-b4edb0d5cbd9.FPKM.txt.gz	15caaf27c88df9bdc627f0263c4c400b	514937	live
9932c602-ee73-4866-9c99-22edadf85507	9f7c8176-5349-4bbc-bf0b-96b2e01e09fc.FPKM.txt.gz	193ba339a9b45091114c005bd83625c6	509440	live
1acef3f2-4e4e-4a72-bc78-0570707ad7e9	9cb330c1-982f-42e8-9779-ac4377259162.FPKM.txt.gz	4786a91ff97fc974b5a6a7f28f21cedc	535664	live
69dc25cd-b5e5-466d-bdc5-e07f6d840080	ba514dbb-42e6-44fd-9c72-73839e1226e6.FPKM.txt.gz	8dc09ae8801149ddd66874ff7e064c12	543058	live
ce6777ad-bd3a-4ef2-bf7b-8bddef6ff415	66827b45-d9f9-419e-b4d7-15504dd24b61.FPKM.txt.gz	390b74e11c8a97fbea4982b6e700cec8	507110	live
c9c93256-5726-47a8-9b7e-c64f82899a68	1d683af7-3492-4250-8347-8e285676c83d.FPKM.txt.gz	81bcf289764de03877b1a760131e182b	506113	live
9cf75ea6-1395-4c7e-b111-16df1427a412	9fbf27fa-c33d-443c-a50e-74c731cdeccd.FPKM.txt.gz	07be37dbdad679a1e05d312dd11e02fb	557534	live
2cedf47c-4eb9-41af-8106-a09fbedb01a5	7db35b39-8d3e-4f93-8450-7e494ba9e0f8.FPKM.txt.gz	f188c10b145663f336f962eb4b1d5b35	558985	live
b6727597-6ae8-4c30-a3ac-c345dddeb554	e3f9e542-aeb1-48f7-ad1d-929262441454.FPKM.txt.gz	7c3627f47dcb5ccaca90ad087b48fa28	505399	live
39e59d96-ba8f-448a-8dd6-ae85d1467293	d8f882f6-d25a-42dc-9444-02e1d8cb7608.FPKM.txt.gz	4f8be8beb1b2d3b8b4d9b558e42b0843	513175	live
60701134-fed1-4d1d-8b19-07504f9e2082	ce8ba3ad-630f-4bc7-b8a1-cf8cc5f45839.FPKM.txt.gz	140773386299b266211706ad01516bab	543411	live
3abf8cdb-833a-4dff-b1b0-4edd9d04161b	0e303e50-9b5f-4ac5-9428-cc9979667d48.FPKM.txt.gz	b641b9417eae3ab3a46ae3d0d21ae606	529981	live
66fa59d5-dcd4-43b4-8a35-9d456b5e6e7f	b4f54395-e237-4b10-b688-433b138facff.FPKM.txt.gz	79cf51a047e3e63dd7a1af4fa0e61981	528334	live
c7929618-df83-402f-9559-5152e928ee26	801c2c60-5dc2-43f7-949f-18b5a35a4ca3.FPKM.txt.gz	9b2eac0a93618f1a48c30994b27beff4	522984	live
4ef859f2-b000-4b18-b9cd-f9e4bab1957f	d3b586fc-3d45-40f1-bbfa-53e85e005e4c.FPKM.txt.gz	93db27c94f88ecc348109eecf5a1fbc2	513427	live
b9bc737c-c3c1-45aa-937c-1022d6bd5fd4	769d968d-bf8e-4bb7-93ec-47a131d7f2d5.FPKM.txt.gz	284d4f889723bc3393dd8df0102d223c	527051	live
7438ba15-4a4b-45fb-b315-6f202478265a	063e88ae-7e21-4504-9c1e-45d7d371b276.FPKM.txt.gz	aad7d1134a735dd077c4b0981a07e059	567396	live
761400b7-0857-4e57-bc82-b40f8b7e1892	0fb0526a-42ca-48b8-bf58-f9b39cda341a.FPKM.txt.gz	07fe7012ac6c6f887de240f69635cc85	549686	live
00782bca-2793-40a5-bfc9-33daebb8712e	a4b9a319-8f66-494e-8ada-530a1e8145d7.FPKM.txt.gz	0f63a2a5c2b0c91e99dd120be8f16b6c	502721	live
a31cba8c-7fac-476f-9012-10b83a33ac11	baec09c9-c1e3-4504-97f2-41e4bf9cb628.FPKM.txt.gz	54caba4d35b349d2100b1da93aef06a2	542999	live
b402aa4c-5ad0-487a-9843-e0ce5f895bce	030a2cdd-9b0c-486f-935d-6049f41a85e6.FPKM.txt.gz	7d7255a4e81033aca4752ae12dcd158f	526878	live
ae6a75a1-9a41-496a-b127-7bde12d66c2a	21ec2ebe-dd2e-45bc-9702-cfc75f27dbbe.FPKM.txt.gz	0a8bdb533a940a171dea5d49f7f9a735	551502	live
61c64dd3-9dc7-4d5f-bcdb-4c789e68a822	8d9fd739-49be-44aa-8620-806b18d561fb.FPKM.txt.gz	317d3b7bf3acac86b5d0a38d618dd885	526846	live
774e0fe0-bd67-40e7-8ee6-c45984013188	b7225be0-787a-410c-9a4b-cf8236a43c61.FPKM.txt.gz	93735c52214b72785101487af8f57522	537708	live
9c913476-542f-4988-ad8c-99b7cfd73070	f8089187-0d81-4e94-92ae-3f0178ce1790.FPKM.txt.gz	a9e46dc7ab173e167fa12e6f6dab0a51	519983	live
635904de-a43a-4000-babd-513961e4049f	6528258a-b7eb-4919-8056-225229e1efa5.FPKM.txt.gz	41dd582cb4223821485e925d846a0e7d	513044	live
c6f0392a-4679-465d-b7c1-ba3214fb67a0	2147de22-3a52-490d-a4f6-32f6637ca24f.FPKM.txt.gz	3b6fa57c4b017a94367524e49d27eed2	521267	live
f5686343-3151-40d4-a80f-72b5eedb558e	cf6e46bc-d942-4863-9804-4409ba48099e.FPKM.txt.gz	e93288c76dba9935120ec65e12e8fdbb	551536	live
c1da9dfd-4c09-4384-91c6-c5a5fa3f3f46	ef6b65f8-e67d-4584-9042-8ae5dbdc845a.FPKM.txt.gz	6c2686fb3d64360eb820f601f25aa783	557723	live
4982b034-bd84-43bd-9dc5-3e425dc58dfb	55cca3e8-899a-4fba-941a-8789f5d1d206.FPKM.txt.gz	82a8c63945f007fa36e5ddffd9f3e0ec	558062	live
7d349cc0-b0f2-457a-be40-b286c5e05518	b393f2a6-56ad-4467-9051-98c0cfa0550c.FPKM.txt.gz	7f5e97673425eaefc5e55541c134fe1f	534137	live
120f0b44-5e67-44cb-b4be-e7552238f40b	789c658e-b98a-4e1f-b808-5579dee94abe.FPKM.txt.gz	284fa60aab859b6f61756033d1eaf0c9	515106	live
722e1328-1411-40ee-8207-ad6f831a8e15	b0f16882-207d-4334-8d7e-a338e03ad30b.FPKM.txt.gz	d6008adff4bdf0f005fa70ced58bc52e	566997	live
410134ec-4792-4e54-b233-187e542e0e6f	2113ee53-ea3a-47a9-bc6f-0844158f6b72.FPKM.txt.gz	bd4009ab4902f1c2a96fe32c304f6a6b	553279	live
178b69d0-7883-4399-b8d3-90b8af9dc5da	5c9f1a05-1dc7-4e83-8dc2-3e5071796c07.FPKM.txt.gz	e40bb286f58544e7409ead54a1b0f2a1	516057	live
b098d8ad-67e1-46cd-adbf-da7888f664ec	ca5b59a6-b523-4f32-a542-8a467b591f67.FPKM.txt.gz	5277e2bc5cc90a18dc4913b2eac78869	542075	live
5d90fc4b-5275-40e8-b192-ec967b4f9e2d	2723b8fe-33ae-477f-ab0d-f5685f26b17f.FPKM.txt.gz	c88b3a6a56bea05d893ef340c70f46b7	533848	live
bb8fb862-4d35-4434-8416-f70f089f2ab8	cc53db99-d81a-490d-b6f2-748a286c9567.FPKM.txt.gz	3cb11556fc035ae9aaca60ef8aa140fc	513003	live
84da0c9b-cea3-4641-99ce-f5fc43c32ae5	47c200a9-4a86-452c-a6f8-12aa45d322a1.FPKM.txt.gz	0fc054e9c37e5b6ec9be3f0ddd5c6110	551452	live
692f03a8-450a-4a8e-9dd6-0f26f2a11fa0	baec18f7-38ab-469f-bdb9-8ff04883679f.FPKM.txt.gz	49d9a4778d97f2f40788880dc3b82335	509115	live
78e9e47b-ff4a-49fb-8dcc-66038475a9d6	fe1e1f62-8e18-4400-9b25-2c439fa25b6f.FPKM.txt.gz	eac08169763a828b863c7ff4bea90cb5	559014	live
f2cdc374-922d-4478-813a-a37c687fbb15	ecbab673-6313-4396-86aa-b06c67513c3b.FPKM.txt.gz	b310b09fc2552ad2093f5a7669f0927d	519829	live
17097dc0-c3db-4340-b62b-9567842d5594	9c38ed5a-076d-4ef9-ab1f-39814bf665b3.FPKM.txt.gz	70afb1f3d6cfc202dbff78d8a25d00cb	512738	live
6471834f-a606-414b-b229-ad9d4ed016ea	bd557612-d93b-4524-9a53-f637c6f4c34c.FPKM.txt.gz	9fec192faa3529602fe5f192fc27d062	509703	live
9d50a705-2d08-48c3-aa52-b4fd936b0266	3add0a93-4d4a-44e6-a85a-f2f0915e03c0.FPKM.txt.gz	812635fed4a2152e078114439088d336	525611	live
172fb5c9-8625-4be4-968f-536bc01c8560	60547e35-d42f-44bd-a9e8-21d57da93ee8.FPKM.txt.gz	098c0700691d6f109d277a45fca6da42	587760	live
f9c1216a-8b74-46dc-9e7f-59cb3ddf9a11	15ab4d09-8a85-4d6b-91b4-a87dcb7a5919.FPKM.txt.gz	ce1776079f870780c5659fedf10c2abf	506817	live
e204056f-ae10-4c83-a97d-db88e3203afd	3ff465f0-6c58-41eb-bad1-15bd5cd80531.FPKM.txt.gz	9d78808153a5f1afe43611402e855f56	538155	live
0afeb21a-28f0-4173-8907-7d2db5435b3b	57be3f81-6dbb-4257-a4b5-f823e30d76bf.FPKM.txt.gz	0d6cfcbd42be13c2ab217a80dde386a8	537320	live
bbb2aae4-8fca-4b83-98a3-3b62656a7a11	2e1b2787-8e16-4622-a1e0-3b96e6381e87.FPKM.txt.gz	b022768677cb0d16429af6b69d5f41a3	535184	live
9e6abb3c-ae5f-416a-938c-94c966a14a4e	8c4af45c-5747-4cf1-942d-0a7352b369f3.FPKM.txt.gz	09b5cfa53750646139753c19318e74e5	511532	live
c6ae98a8-7513-43a9-a7a6-25ca00a019af	7ac46b6d-5042-4aa9-946d-b75a13d3747f.FPKM.txt.gz	4f30561b0c754bb7a26512f76e8f79fd	538469	live
2db269f3-ebae-48b1-b4b8-f233d2cef833	04ebd1b2-5cc6-448d-a351-58cc73a8d094.FPKM.txt.gz	1982729e2acddcad7c7b22366b0e7bbc	559348	live
76a02f29-d81f-4247-b0e8-49994f7b8585	e50711df-fe6b-480f-97c0-e150cb5d3a5b.FPKM.txt.gz	ee79eef618a9e536d4847d6d6ecb74c0	518835	live
6da9bb62-854f-42d8-9fd1-3341f0fec2fb	4947a490-76f8-4cc9-b66f-f8ad69300179.FPKM.txt.gz	0a77b544f9d829f9d9984373a3f6b657	542704	live
2e953db7-ae77-4fbf-af30-742a3266bb4b	aa90b957-b11b-473e-9280-1fbd2dbe5937.FPKM.txt.gz	2a9713cdb11e7c6c16f3bc471a7a0431	557443	live
d9081530-2c7e-4449-b6f7-abc23ef40472	bc2898e8-56c4-4e12-96ee-720ab9d4e958.FPKM.txt.gz	1319c5260cf29261014cfbdf26af7a27	532970	live
ddbd4d81-fc92-43da-8cf5-49dc93e5e420	476bae8b-1fb6-4c6c-98ae-2a779a718e6f.FPKM.txt.gz	6ef633120c800cae58f022cdc1e9e0de	513782	live
aa1398ea-4d23-4825-94a8-192aec33b354	810d7c7d-1e04-4eae-8ae1-049dc111e255.FPKM.txt.gz	ce488686e9906a028d48f24504b864ad	561819	live
01054be6-998d-421f-97cb-533d9d23f75f	fcd37843-e471-4fc3-a4fd-da8d161d36e4.FPKM.txt.gz	47ffb89dc71233b8b63aca7f6afdf9a7	516613	live
50c45500-30ad-48e2-8f90-612862d14446	991273f3-2fd9-4c40-b6b3-2d8676b210de.FPKM.txt.gz	dc18396de07f0c79237a1fce09a3b67c	522849	live
2bf0fc52-9492-43ce-b2b9-f5034bc5a065	d9ec289e-7cca-4741-846f-0b972e31155a.FPKM.txt.gz	04b0951d5d600883ae51f29b2ab850c2	528093	live
5ce54151-5fe1-44a8-95a8-950cb414eaec	374fe62c-139c-472d-8fa3-b34d22173a6e.FPKM.txt.gz	fffe69dcb18baa738032e8f7f5929570	500619	live
d31dfe78-5989-4454-8b5c-a4c66d0ef7c9	bbd8991a-fb0b-48c2-868c-7efc4872dcfb.FPKM.txt.gz	dea025099224958128bfa7ee6bfb5816	543147	live
2395199d-c108-484a-a239-13f9ce7bf93d	677529b6-20ca-4cf9-8c71-fb7bebedbd2f.FPKM.txt.gz	b64360860365180bf589b2d4d88ac208	514883	live
19df7136-c946-4b28-be4a-85b7fdfe1d3d	db87c217-8596-41d8-b4d7-1b6b1f289e5a.FPKM.txt.gz	de99843e1eaefd91973c21bf5a80429f	526941	live
51cf7d54-c982-4f36-9784-30b8dd434668	677bb05d-81de-4202-a17b-bc39fb1bfb5d.FPKM.txt.gz	36c7de53e5856bcc4d13a0a884b38430	530769	live
1737e1e4-105f-4771-85a0-1cc92b2e71f1	621e2d96-fac9-42d3-9357-a7733a494cb3.FPKM.txt.gz	5613cfdc01bf05567cc34dba7f987b11	530431	live
a87339fe-17e7-43b0-8ad7-50762490d505	73e6cc52-f4fe-4168-9dd0-d6d28879cc95.FPKM.txt.gz	8d50abb86248a15d8e4825ddc70b3201	489629	live
71caabbe-c551-4ccc-8696-5c01aabc1ba8	01ae4201-f15c-4790-a7ea-41290808c5fa.FPKM.txt.gz	e8c93aec98e02fe005982fe649886d28	513167	live
c05a2ad5-2472-4b9b-bdcd-3bd8450f72cb	a7ba8570-638d-4ec3-a02e-e861114ce097.FPKM.txt.gz	82f78fddba435174b90865c83fbff6fe	542102	live
956bdf6b-a574-4cd1-b41e-dd7dbba8e572	5623b263-9d28-40bd-a177-024fc8c0e605.FPKM.txt.gz	3d9b3c40cd4777e013c0c7f7f34f55ea	510151	live
3ec600f5-76ff-426c-94f4-9a29756d1b69	577b8ba8-29d6-4687-ad78-bb2d21ce6d40.FPKM.txt.gz	f4bad42c680ad910c5fab9a718a09c8d	536702	live
9c173a1c-b2f8-4f8b-a8eb-cb056601d461	03bab812-d67c-4dae-93e0-55346525fc99.FPKM.txt.gz	1877ec32f02b815a7ddede35a0d717e3	514931	live
547932ee-948b-415a-a8a4-88c66ce780d0	65393588-3484-4942-80d5-fb3a43cbc543.FPKM.txt.gz	9c736c5f8311dbba1f76f7cc35dddf7e	546810	live
cce63989-a9f8-435c-8e18-2c61d9431754	309c2415-06e2-405d-801f-1d8ddb89c0ba.FPKM.txt.gz	8ec38841a5b140c33075b57ea2ea0454	514305	live
9f86f78a-4d7c-45ac-ac0f-21b39a01f346	4e368418-06a0-4795-a216-59f16353b590.FPKM.txt.gz	51305081cf72bba7d1c98d1fbc79d719	520651	live
926661d8-0ac4-49e4-b19e-a586e8bdff8d	f00b69a3-c3d2-4499-b337-abbce3e48f9b.FPKM.txt.gz	06ac811c1f50ccb85ffafac526d2da72	528404	live
463fadc7-1612-4f20-a39e-5801163539ba	dba87d20-a3ed-4ca3-93f7-0fe979f7923a.FPKM.txt.gz	188bb9d69129a62791975d10374ab682	529336	live
cb447ecc-d099-4f86-b941-51762b1454bd	9fa215ae-e9ce-4f87-9c8e-b3d9574925c8.FPKM.txt.gz	f84bd3e3534fa7dcd52c2202ab2afbaf	510183	live
e882fe8a-6fc0-4bf5-9b5f-c9c60c20389e	87750eaf-0823-4f5c-9bf7-577471f4ca68.FPKM.txt.gz	9df1b491ed735ab90128d645217348d3	516932	live
362141c2-c327-4ef1-97e3-50e2d7200053	ef5f4ebe-6b9e-4cc7-985c-e54a286a1f06.FPKM.txt.gz	d66c5e54f1a91eab18213badfd73c302	503098	live
1b0ed7e6-f6a2-4998-ba7b-79747d842f89	93e77514-c77b-4346-ae63-3e0d10512cff.FPKM.txt.gz	e4e7ddbcaa798c40d734e1cce6a0c33c	521632	live
04e0f938-9194-4d83-86e6-9e95e7e3f3dc	c5d97e4a-8a34-4d99-8fae-70dd5bb12234.FPKM.txt.gz	57c82c4052b2b2d81ebaabc9b70ee071	561179	live
9710469d-c8c6-4637-9043-7987bbdd96aa	45128466-9a14-4348-97f1-d08af79acbba.FPKM.txt.gz	2193e054db45bf47913650f79498568b	551435	live
94f8c86b-e624-4632-9d2d-17bf67404ee4	156b326a-3fa5-4394-af29-7db1c2f3463b.FPKM.txt.gz	5a2007791e4e57793f648bfc8f992445	551388	live
a427d639-26ae-4bcd-995a-6376a51c984b	f091a9a1-1645-4a21-b5a2-2f7cae2bdbfe.FPKM.txt.gz	2588dd5697d803bb1164ae2634045d0b	528831	live
d08fa3bc-9eff-435d-8be8-470f7a6ace64	58ff1a2a-76d0-4727-a749-7c9cf1bae05a.FPKM.txt.gz	1de6000a397466f99718cb145830ff19	523129	live
2a3d775d-9ba4-411d-9d56-55c30d1fbcb1	f6178fdc-41f7-458b-a905-4ea298e6b098.FPKM.txt.gz	1994fd900084828e434f323019cc83da	554859	live
05fba523-7fe2-453d-a1ec-a63abdc912cc	e4177e00-8ca5-4ee0-92e2-f358e7037c6c.FPKM.txt.gz	9a6f3242a946a5736d2fdde065f44430	556686	live
34eebfa6-705a-4fe8-ab80-20f8787823b8	200f078d-025a-4d6a-9e45-709313357760.FPKM.txt.gz	0667811710139ae176e2878f9b9b78c2	527290	live
88099a14-54c5-460a-8cbf-424c13ab4f4e	29e88863-d1b0-4da0-be95-d0a82eb1d08b.FPKM.txt.gz	14bb80c9ec256be5f5377724b2acce09	513780	live
337c0372-ba79-4763-afb0-664b029af925	74c84a22-7165-41f7-a38f-ed2db790ca2f.FPKM.txt.gz	970ac8aa660d22840bd862ef09636e9a	517740	live
4a2ee37c-774e-44dd-9889-396645963756	d56f943d-74a6-4a8a-85df-85fd737b0eab.FPKM.txt.gz	a226dc38016421f6fa4506116c4e399b	532023	live
d287ab99-132d-40c6-b422-95a7db4ad587	ff975b13-1717-4c41-a653-3a57d702cb2f.FPKM.txt.gz	6173d5dce732edf6665ed5523d1c50ad	525756	live
d4b76de3-13e2-40b3-9c11-f81b2ca0db20	b05e09d9-71f6-4f2d-a7de-83bc7f5131a4.FPKM.txt.gz	3b15757fe75611526dee256b5dd54d9b	539274	live
e152cc7b-f521-4d87-b7ce-afca43ea27d7	9f374133-fe7d-4fe3-8c34-c8048125562f.FPKM.txt.gz	2304012a38011039efbfe3235cc0e86d	528635	live
63190ab4-500f-437c-8a7d-a4cb600cc62d	f78e0f6e-6a64-4725-bab0-9b13ad036332.FPKM.txt.gz	a7369cac3bb566debb32d83dba25ea85	535491	live
38c00d2a-ddf8-4962-ab7e-fcf3e7b0a2a7	4d813387-15db-4d2f-bf85-1c79874aa179.FPKM.txt.gz	42c1261092100dabb6f997956201ed08	530072	live
a9d05f5e-5104-4817-870e-cf62508e93f4	6fd0c5f2-a086-4fa6-900a-909cf67ef8be.FPKM.txt.gz	83cc3a98d194b663c86cd242e9875276	540764	live
a33105b9-57b1-4804-b0cd-de6d490b4bd0	5a8f462d-a749-4542-bf02-f1350fb73599.FPKM.txt.gz	ec24168a5813860376a522bb890c4f65	513389	live
978e5373-7bb9-46aa-964b-8503a2636529	27348a04-4203-4990-ba27-4bde0422932b.FPKM.txt.gz	f889be7da2c125cc6e23f14aa3c14e74	536569	live
e1478130-9835-4792-b08f-d0462a20cd64	b8fb3d69-dcf2-4f8a-8960-8a1da00ed95b.FPKM.txt.gz	9222ba03dcfe45a1092b31e7cfc8d501	527333	live
ab3dca30-2cb6-4e6b-aacd-18edfe202687	b74e2e42-94b8-48fa-9691-936d606bb845.FPKM.txt.gz	929bffe5df85e4197ed9bfc79d9b9684	528892	live
b073c077-f9dc-4392-b302-29b072cee537	24eae743-7c15-40f5-82ef-8284c704a6f3.FPKM.txt.gz	d62b07e212f7198c3887e707faf2ff10	541448	live
9d6b8cb9-063c-4f1e-abd0-6febf6e7ca4a	20d85581-6c70-4c0c-bc9c-93c3e3a08bc3.FPKM.txt.gz	9ed23bafd0085b2599d13962f138d0e7	523485	live
2ba3e911-df5e-4182-8963-e7acc71f933e	d07bfce9-a69c-4124-9264-95582e2d7cb6.FPKM.txt.gz	8ed62e62bc2fce48d799a20033b770b7	538472	live
fa828746-7dc8-419b-9bf6-f22b71ee6ba2	ef700f61-d8b0-43d0-92d1-feec949adc72.FPKM.txt.gz	d6ebcc327a3d15ca272c2f72355a2abc	530170	live
